trade_date,yyyymm,counterparty,asset_class,currency,trade_type,notional,notional_mn,pnl
2025-03-01,2025-03,Bank A,Commodity,GBP,Buy,932741.69,0.93274169,-48276.54
2024-10-30,2024-10,Bank D,Commodity,USD,Buy,2795362.51,2.79536251,-65718.81
2025-06-09,2025-06,Bank D,Bond,GBP,Buy,2967671.74,2.96767174,27033.72
2025-08-17,2025-08,Bank A,Equity,JPY,Buy,1249439.88,1.24943988,-71907.64
2025-05-11,2025-05,Bank C,FX,GBP,Sell,1013777.61,1.01377761,27712.91
2024-11-02,2024-11,Bank A,FX,GBP,Sell,4171413.81,4.17141381,-97646.02
2025-08-07,2025-08,Bank D,Loan,USD,Buy,3269891.39,3.26989139,-12494.57
2025-03-07,2025-03,Bank D,Bond,JPY,Sell,2817659.71,2.81765971,6461.36
2025-02-25,2025-02,Bank D,Commodity,JPY,Sell,3842457.44,3.84245744,-3341.55
2024-12-14,2024-12,Bank B,Bond,JPY,Buy,2691365.31,2.69136531,-17071.09
2024-11-26,2024-11,Bank A,Loan,EUR,Sell,1609313.96,1.60931396,-42710.93
2024-11-05,2024-11,Bank D,FX,JPY,Sell,1140694.78,1.14069478,79388.64
2025-07-04,2025-07,Bank D,Commodity,JPY,Sell,4990259.04,4.99025904,70767.25
2025-05-21,2025-05,Bank A,Bond,EUR,Buy,4850045.85,4.85004585,-24186.74
2025-07-26,2025-07,Bank A,FX,GBP,Buy,1766948.03,1.76694803,-88038.52
2025-09-19,2025-09,Bank A,Commodity,JPY,Sell,4194509.6,4.1945096,80577.86
2025-02-14,2025-02,Bank D,Equity,GBP,Buy,4652786.13,4.65278613,96417.99
2025-05-08,2025-05,Bank C,Commodity,EUR,Buy,3887410.44,3.88741044,71072.73
2025-04-19,2025-04,Bank B,Loan,EUR,Sell,1907385.94,1.90738594,98965.82
2025-01-17,2025-01,Bank A,FX,JPY,Buy,3248170.07,3.24817007,88112.92
2025-06-03,2025-06,Bank D,Loan,JPY,Buy,3386569.42,3.38656942,-94879.67
2024-10-08,2024-10,Bank B,FX,EUR,Buy,3474877.32,3.47487732,-33096.89
2024-11-10,2024-11,Bank A,Commodity,EUR,Buy,3498699.42,3.49869942,-80666.49
2025-03-22,2025-03,Bank A,Commodity,EUR,Sell,390735.04,0.39073504,-28768.48
2025-05-11,2025-05,Bank C,FX,JPY,Sell,1292924.48,1.29292448,-45161.96
2025-02-02,2025-02,Bank A,Equity,EUR,Buy,3054078.6,3.0540786,-41279.31
2025-03-12,2025-03,Bank D,FX,EUR,Sell,2355223.39,2.35522339,67183.8
2024-10-09,2024-10,Bank C,FX,EUR,Buy,819530.36,0.81953036,67758.26
2025-01-26,2025-01,Bank D,FX,EUR,Buy,2605889.36,2.60588936,14241.6
2025-05-16,2025-05,Bank A,Equity,USD,Buy,2565449.75,2.56544975,-27739.71
2024-10-16,2024-10,Bank C,Loan,EUR,Buy,4983720.4,4.9837204,24910.28
2025-06-12,2025-06,Bank B,Equity,JPY,Buy,3711774.77,3.71177477,-67481.31
2024-10-01,2024-10,Bank A,Commodity,EUR,Sell,1848191.14,1.84819114,-50993.59
2024-11-26,2024-11,Bank C,Commodity,JPY,Buy,1086649.96,1.08664996,65469.97
2024-10-19,2024-10,Bank B,FX,JPY,Buy,3664894.78,3.66489478,-12740.63
2025-08-16,2025-08,Bank A,Bond,USD,Sell,2790671.4,2.7906714,81816.79
2025-08-01,2025-08,Bank B,Commodity,EUR,Sell,4619680.3,4.6196803,53484.54
2024-10-24,2024-10,Bank A,Loan,USD,Buy,1099981.8,1.0999818,56376.39
2025-04-15,2025-04,Bank B,FX,EUR,Buy,385694.08,0.38569408,60016.11
2025-06-24,2025-06,Bank B,FX,USD,Buy,1695096.6,1.6950966,-40304.24
2025-02-02,2025-02,Bank D,FX,JPY,Buy,3584141.66,3.58414166,-95106.09
2025-04-28,2025-04,Bank B,Equity,JPY,Buy,2898646.72,2.8986467200000003,-12504.3
2024-10-19,2024-10,Bank D,Loan,GBP,Sell,2242971.04,2.24297104,-93357.68
2025-02-18,2025-02,Bank B,Loan,EUR,Buy,3927177.88,3.92717788,43747.11
2025-06-27,2025-06,Bank A,Bond,GBP,Sell,3818805.9,3.8188059,78441.28
2025-07-03,2025-07,Bank B,Bond,USD,Sell,2984402.88,2.98440288,46306.7
2024-12-25,2024-12,Bank D,Commodity,USD,Sell,4192862.96,4.19286296,-60884.04
2024-10-12,2024-10,Bank B,Commodity,USD,Sell,744758.8,0.7447588,30617.36
2025-04-06,2025-04,Bank D,Loan,EUR,Buy,4428744.82,4.42874482,-94806.08
2025-05-31,2025-05,Bank C,Commodity,JPY,Sell,1928754.62,1.92875462,-53131.73
2025-04-12,2025-04,Bank A,Bond,GBP,Sell,2320740.93,2.3207409300000004,-17659.86
2025-05-25,2025-05,Bank A,Bond,EUR,Buy,4978993.62,4.97899362,57575.76
2025-01-22,2025-01,Bank A,Commodity,USD,Sell,2650708.67,2.65070867,20214.06
2025-02-04,2025-02,Bank A,FX,EUR,Sell,3212528.75,3.21252875,87792.22
2024-12-06,2024-12,Bank C,Loan,GBP,Sell,3045209.53,3.04520953,4310.95
2025-09-18,2025-09,Bank D,Commodity,GBP,Sell,2875321.19,2.87532119,-5613.71
2025-08-24,2025-08,Bank B,FX,EUR,Buy,3113469.49,3.1134694900000004,-185.04
2025-08-14,2025-08,Bank B,Loan,USD,Sell,3174280.13,3.17428013,-22119.74
2024-10-06,2024-10,Bank D,Commodity,EUR,Buy,4685202.64,4.68520264,-15316.12
2025-03-07,2025-03,Bank A,Bond,EUR,Sell,2117207.3,2.1172073,-42065.54
2024-12-29,2024-12,Bank C,FX,GBP,Buy,4084361.93,4.08436193,53824.1
2025-08-24,2025-08,Bank A,Equity,JPY,Buy,1224377.83,1.22437783,-75752.93
2025-02-14,2025-02,Bank A,FX,GBP,Buy,1618770.56,1.61877056,-23545.43
2024-11-25,2024-11,Bank D,Loan,USD,Buy,3378041.88,3.37804188,69374.87
2024-10-27,2024-10,Bank A,Commodity,EUR,Sell,2771656.69,2.77165669,-99002.09
2025-07-28,2025-07,Bank B,Equity,JPY,Sell,836315.02,0.83631502,-17871.41
2025-03-17,2025-03,Bank C,Equity,USD,Buy,2821259.4,2.8212594,5433.14
2024-11-24,2024-11,Bank A,Commodity,GBP,Buy,1140344.48,1.14034448,-53456.91
2025-02-16,2025-02,Bank C,Equity,JPY,Sell,325886.59,0.32588659,-93224.13
2024-12-24,2024-12,Bank C,Loan,GBP,Buy,4506660.2,4.5066602,32965.55
2025-02-23,2025-02,Bank D,Equity,JPY,Sell,4285571.5,4.2855715,-58489.82
2024-10-20,2024-10,Bank D,Commodity,USD,Sell,1482410.35,1.48241035,-12076.89
2024-11-30,2024-11,Bank D,Loan,GBP,Buy,4338827.23,4.338827230000001,30243.27
2025-01-12,2025-01,Bank C,Commodity,USD,Sell,1273847.24,1.27384724,-35231.95
2025-04-05,2025-04,Bank B,Loan,GBP,Sell,1039046.85,1.03904685,-22258.12
2025-08-01,2025-08,Bank B,Bond,GBP,Buy,3516642.06,3.51664206,60939.51
2025-05-12,2025-05,Bank C,Commodity,JPY,Sell,2401564.02,2.40156402,47818.09
2025-06-06,2025-06,Bank D,FX,GBP,Sell,3512840.23,3.51284023,-89695.73
2024-10-16,2024-10,Bank B,Equity,USD,Sell,2638473.56,2.63847356,54056.74
2024-11-06,2024-11,Bank A,Bond,GBP,Sell,3200981.97,3.2009819700000004,-2177.49
2025-06-12,2025-06,Bank D,Loan,JPY,Sell,219398.09,0.21939809,-2117.31
2025-03-27,2025-03,Bank D,Commodity,EUR,Sell,1127579.04,1.12757904,5241.91
2025-02-20,2025-02,Bank C,Equity,JPY,Buy,1780639.62,1.78063962,43455.05
2025-06-03,2025-06,Bank B,Equity,JPY,Buy,3402050.82,3.40205082,-6423.46
2025-07-11,2025-07,Bank A,Loan,EUR,Buy,286391.96,0.28639196,-70405.92
2025-03-24,2025-03,Bank B,Loan,EUR,Buy,4708916.73,4.70891673,46844.65
2025-04-13,2025-04,Bank A,Loan,EUR,Buy,4561832.89,4.56183289,30218.03
2025-08-21,2025-08,Bank A,Bond,EUR,Sell,2230095.96,2.23009596,87708.88
2025-05-04,2025-05,Bank B,FX,JPY,Buy,4412889.31,4.41288931,51637.6
2024-11-17,2024-11,Bank D,Bond,JPY,Buy,3190733.2,3.1907332000000004,-84113.71
2025-09-03,2025-09,Bank C,Loan,EUR,Sell,2150460.67,2.15046067,2156.29
2024-10-25,2024-10,Bank D,FX,EUR,Buy,2753531.97,2.75353197,92980.22
2024-11-02,2024-11,Bank D,Loan,USD,Sell,2929408.73,2.92940873,-73776.0
2025-08-29,2025-08,Bank C,Bond,JPY,Sell,1344826.87,1.34482687,77677.54
2025-01-14,2025-01,Bank A,Equity,GBP,Sell,3593031.75,3.59303175,82677.82
2025-04-26,2025-04,Bank B,FX,GBP,Sell,1605814.78,1.60581478,94159.77
2025-02-18,2025-02,Bank D,Loan,EUR,Buy,2511358.98,2.51135898,24139.0
2025-09-16,2025-09,Bank C,Bond,USD,Sell,4840720.88,4.84072088,-93614.48
2025-01-09,2025-01,Bank C,Equity,JPY,Sell,1968243.63,1.96824363,-98109.05
2025-08-27,2025-08,Bank D,Equity,EUR,Sell,2679422.74,2.67942274,-60618.39
2024-12-11,2024-12,Bank A,Bond,JPY,Sell,1147863.22,1.14786322,24889.59
2025-06-25,2025-06,Bank B,Loan,EUR,Buy,4289793.51,4.28979351,-2689.99
2025-05-16,2025-05,Bank D,FX,USD,Sell,1436154.1,1.4361541,-54146.55
2025-08-21,2025-08,Bank B,Loan,GBP,Sell,3756008.88,3.75600888,34096.44
2025-03-09,2025-03,Bank A,Bond,GBP,Sell,4242884.44,4.24288444,99883.35
2024-10-01,2024-10,Bank C,Loan,EUR,Buy,4031804.78,4.03180478,80557.18
2025-02-06,2025-02,Bank C,Loan,EUR,Sell,863013.12,0.86301312,-98661.77
2025-04-24,2025-04,Bank D,Commodity,JPY,Sell,2062013.48,2.06201348,-66103.9
2024-09-23,2024-09,Bank C,Commodity,JPY,Buy,2177089.06,2.17708906,-19625.01
2025-04-18,2025-04,Bank D,Equity,JPY,Sell,3421302.48,3.42130248,-96495.43
2025-06-20,2025-06,Bank D,FX,JPY,Sell,999318.19,0.99931819,-10546.09
2025-07-07,2025-07,Bank B,Loan,JPY,Sell,874254.85,0.87425485,79156.06
2024-09-25,2024-09,Bank D,Commodity,EUR,Sell,3418757.54,3.41875754,-55136.3
2024-11-16,2024-11,Bank B,Equity,JPY,Sell,3845342.19,3.84534219,-6846.15
2024-12-22,2024-12,Bank C,Loan,GBP,Buy,4428986.81,4.42898681,-27287.71
2025-02-07,2025-02,Bank B,Commodity,JPY,Sell,214658.61,0.21465861,78558.82
2025-02-08,2025-02,Bank C,Commodity,GBP,Buy,3372308.19,3.37230819,-16586.03
2025-03-11,2025-03,Bank A,FX,USD,Sell,3970158.45,3.97015845,39832.79
2024-11-02,2024-11,Bank A,Commodity,USD,Sell,4299781.06,4.29978106,17385.85
2024-11-24,2024-11,Bank A,Commodity,JPY,Buy,1971778.04,1.97177804,-9271.77
2025-05-29,2025-05,Bank A,Loan,GBP,Buy,1338055.74,1.33805574,5174.88
2025-04-01,2025-04,Bank D,FX,GBP,Sell,252919.71,0.2529197099999999,-41603.98
2025-06-17,2025-06,Bank C,Loan,GBP,Sell,3648436.69,3.64843669,6658.55
2024-10-22,2024-10,Bank C,Equity,USD,Buy,4549550.95,4.54955095,50060.92
2024-12-11,2024-12,Bank A,Bond,JPY,Buy,4749731.05,4.749731049999999,-55375.21
2025-08-02,2025-08,Bank A,FX,JPY,Buy,3915791.25,3.91579125,-55866.56
2025-02-06,2025-02,Bank A,FX,GBP,Buy,1949392.9,1.9493929,4572.13
2025-03-06,2025-03,Bank B,Loan,EUR,Buy,3156024.81,3.15602481,48270.67
2025-08-10,2025-08,Bank D,Loan,USD,Sell,2293778.91,2.2937789100000003,-61019.75
2025-04-28,2025-04,Bank A,Commodity,USD,Sell,3140411.31,3.14041131,-66838.58
2025-03-25,2025-03,Bank D,FX,EUR,Buy,130337.88,0.13033788,1639.74
2025-03-13,2025-03,Bank D,Commodity,USD,Buy,4703736.02,4.703736019999999,-53347.47
2024-12-27,2024-12,Bank B,FX,USD,Sell,1205091.03,1.20509103,-40659.06
2025-09-10,2025-09,Bank C,Loan,GBP,Sell,1069988.89,1.06998889,9550.93
2024-11-18,2024-11,Bank B,FX,GBP,Buy,2652238.13,2.65223813,-92009.36
2025-04-08,2025-04,Bank D,FX,GBP,Buy,2469120.35,2.4691203500000003,34539.93
2025-08-29,2025-08,Bank A,Commodity,EUR,Buy,3029531.04,3.02953104,32457.67
2025-02-07,2025-02,Bank A,Commodity,USD,Sell,2289747.55,2.28974755,-17931.82
2024-10-05,2024-10,Bank D,Equity,USD,Buy,921501.23,0.92150123,-29295.11
2025-04-10,2025-04,Bank A,Commodity,JPY,Buy,4100792.72,4.10079272,-59811.59
2025-01-30,2025-01,Bank D,Commodity,GBP,Sell,2122766.32,2.12276632,60029.45
2024-12-16,2024-12,Bank B,FX,GBP,Buy,2570965.92,2.57096592,86918.88
2025-07-30,2025-07,Bank D,Equity,EUR,Sell,4639760.1,4.639760099999999,18268.52
2025-01-06,2025-01,Bank B,Equity,JPY,Buy,4190952.65,4.19095265,-28484.05
2025-07-11,2025-07,Bank C,Loan,JPY,Buy,2907027.27,2.90702727,79942.96
2024-12-21,2024-12,Bank B,Bond,EUR,Sell,4389790.36,4.38979036,89823.98
2025-01-24,2025-01,Bank C,FX,JPY,Buy,547806.27,0.54780627,2118.63
2025-05-29,2025-05,Bank A,Equity,GBP,Buy,4547864.06,4.547864059999999,63650.17
2025-07-05,2025-07,Bank B,Equity,JPY,Buy,4612898.07,4.61289807,33922.06
2024-12-28,2024-12,Bank C,Equity,JPY,Buy,3264689.31,3.26468931,-80771.43
2024-11-06,2024-11,Bank C,Commodity,EUR,Sell,4512566.73,4.5125667300000005,12339.15
2025-04-29,2025-04,Bank A,Equity,USD,Sell,2125927.39,2.12592739,-50234.82
2024-12-19,2024-12,Bank B,Commodity,USD,Buy,1224244.35,1.2242443500000002,-42232.25
2025-07-05,2025-07,Bank A,Bond,USD,Buy,618145.31,0.6181453100000001,24854.95
2025-02-09,2025-02,Bank D,FX,EUR,Buy,3231145.03,3.23114503,90441.17
2024-11-02,2024-11,Bank C,Bond,GBP,Buy,4965768.76,4.96576876,-77921.99
2025-03-04,2025-03,Bank B,Commodity,GBP,Sell,182508.2,0.1825082,27528.38
2025-07-08,2025-07,Bank D,Equity,EUR,Sell,1373716.44,1.37371644,19018.0
2024-09-25,2024-09,Bank D,FX,USD,Buy,214745.81,0.21474581,-31850.06
2025-08-28,2025-08,Bank B,FX,EUR,Sell,4892960.2,4.8929602,45718.11
2025-03-10,2025-03,Bank D,Bond,EUR,Sell,1342977.5,1.3429775,60851.17
2025-07-20,2025-07,Bank C,FX,JPY,Buy,2770697.18,2.77069718,72195.59
2025-01-01,2025-01,Bank B,Loan,USD,Sell,4672502.56,4.67250256,162.19
2024-12-24,2024-12,Bank B,Equity,EUR,Buy,336473.6,0.3364736,4714.52
2024-09-22,2024-09,Bank C,Bond,GBP,Buy,3033464.74,3.0334647400000003,-47936.9
2024-10-31,2024-10,Bank D,Equity,JPY,Sell,106865.11,0.10686511,-57982.42
2025-03-27,2025-03,Bank B,FX,USD,Buy,3667289.21,3.66728921,38727.23
2024-11-25,2024-11,Bank B,Loan,EUR,Buy,2042104.7,2.0421047,-76404.7
2025-07-19,2025-07,Bank A,Equity,JPY,Sell,2832698.0,2.832698,-90676.7
2025-05-23,2025-05,Bank A,Bond,GBP,Sell,3289713.58,3.28971358,96743.36
2025-03-12,2025-03,Bank A,Loan,USD,Buy,2486859.19,2.48685919,-56531.16
2025-08-16,2025-08,Bank A,FX,EUR,Sell,3372996.22,3.37299622,35381.74
2025-09-11,2025-09,Bank D,Equity,USD,Sell,629256.41,0.62925641,60658.41
2025-05-10,2025-05,Bank B,Commodity,JPY,Sell,3118458.25,3.11845825,-83452.55
2025-07-28,2025-07,Bank B,Bond,JPY,Sell,986619.48,0.98661948,6547.73
2025-05-08,2025-05,Bank C,Equity,EUR,Sell,4071879.36,4.07187936,42365.75
2024-10-15,2024-10,Bank D,Commodity,USD,Buy,2103256.09,2.10325609,-72537.06
2025-08-02,2025-08,Bank C,Commodity,USD,Sell,4172263.94,4.17226394,82826.64
2025-04-29,2025-04,Bank C,Equity,JPY,Sell,4025288.17,4.02528817,-32012.6
2024-11-07,2024-11,Bank C,Commodity,JPY,Sell,2515909.7,2.5159097000000004,88649.76
2025-03-13,2025-03,Bank C,Loan,EUR,Sell,2190089.51,2.19008951,-70747.88
2025-05-03,2025-05,Bank B,Bond,GBP,Sell,1468421.75,1.46842175,76965.98
2024-11-19,2024-11,Bank B,Loan,JPY,Buy,537956.19,0.53795619,23404.34
2024-11-28,2024-11,Bank D,Equity,JPY,Buy,274750.65,0.27475065,14989.77
2025-04-20,2025-04,Bank D,FX,USD,Buy,3054406.38,3.05440638,6922.43
2025-07-14,2025-07,Bank A,Bond,EUR,Buy,4613343.36,4.61334336,-12482.67
2024-12-12,2024-12,Bank C,Bond,JPY,Sell,239910.09,0.23991009,14936.79
2025-05-08,2025-05,Bank A,FX,EUR,Sell,106142.81,0.10614281,79704.24
2024-10-02,2024-10,Bank D,Commodity,GBP,Buy,1710809.98,1.71080998,80252.54
2025-01-22,2025-01,Bank B,Commodity,USD,Buy,1402296.76,1.40229676,-2865.02
2025-03-10,2025-03,Bank A,FX,JPY,Buy,1428562.51,1.42856251,-45839.94
2024-12-25,2024-12,Bank A,Bond,GBP,Buy,1749945.89,1.74994589,79120.67
2025-05-17,2025-05,Bank D,Bond,EUR,Sell,4959383.07,4.95938307,-27517.77
2025-01-04,2025-01,Bank A,Bond,USD,Buy,2594669.38,2.59466938,73298.14
2025-01-15,2025-01,Bank B,FX,GBP,Buy,4345715.05,4.34571505,78636.9
2025-01-04,2025-01,Bank D,Bond,USD,Buy,2655580.1,2.6555801,2380.61
2025-06-09,2025-06,Bank B,Commodity,USD,Sell,2429374.84,2.42937484,-74591.71
2025-06-27,2025-06,Bank A,FX,GBP,Sell,475581.8,0.4755818,50216.0
2024-10-05,2024-10,Bank B,Loan,GBP,Buy,1675763.15,1.67576315,-83003.89
2025-02-02,2025-02,Bank A,Loan,EUR,Buy,3106130.36,3.10613036,87432.5
2025-01-07,2025-01,Bank B,Equity,JPY,Sell,1456540.07,1.45654007,90880.14
2025-07-10,2025-07,Bank B,Equity,JPY,Sell,3129957.49,3.12995749,74954.03
2025-02-25,2025-02,Bank C,FX,JPY,Buy,1664703.3,1.6647033,-55820.68
2025-01-11,2025-01,Bank C,Bond,JPY,Sell,3289123.81,3.28912381,-72454.39
2025-02-18,2025-02,Bank D,Loan,GBP,Sell,3471979.05,3.47197905,-76929.6
2025-06-20,2025-06,Bank D,Equity,EUR,Buy,4985179.5,4.9851795,56653.87
2025-05-27,2025-05,Bank D,Bond,JPY,Buy,2409548.56,2.40954856,69472.15
2025-08-16,2025-08,Bank D,Bond,USD,Buy,654619.76,0.65461976,-77276.69
2024-12-29,2024-12,Bank C,FX,USD,Buy,1394704.26,1.39470426,45231.11
2025-03-30,2025-03,Bank B,Loan,JPY,Buy,3943942.69,3.94394269,37522.06
2025-05-06,2025-05,Bank D,Bond,JPY,Buy,3635622.53,3.63562253,-26009.88
2025-04-07,2025-04,Bank D,Equity,USD,Sell,3689978.44,3.68997844,-83263.43
2025-09-09,2025-09,Bank B,FX,GBP,Buy,2782506.86,2.78250686,-9960.17
2025-09-01,2025-09,Bank A,Bond,EUR,Sell,4575300.97,4.57530097,31077.17
2025-01-20,2025-01,Bank A,Loan,GBP,Buy,2932187.89,2.93218789,-57575.37
2025-03-17,2025-03,Bank C,Loan,USD,Buy,1941337.78,1.94133778,-69897.92
2025-07-19,2025-07,Bank C,Commodity,GBP,Sell,1654764.15,1.65476415,-26777.47
2025-03-18,2025-03,Bank D,Loan,JPY,Buy,3718844.77,3.71884477,85444.71
2025-04-25,2025-04,Bank C,Commodity,GBP,Sell,1478082.6,1.4780826,455.03
2024-11-03,2024-11,Bank A,FX,GBP,Sell,1202804.12,1.20280412,-2416.1
2025-02-23,2025-02,Bank B,FX,EUR,Sell,3021088.29,3.02108829,68888.06
2025-04-30,2025-04,Bank B,Equity,JPY,Buy,4621557.6,4.6215576,33073.72
2024-11-07,2024-11,Bank A,Bond,USD,Sell,4290894.24,4.29089424,27027.46
2025-04-27,2025-04,Bank D,Loan,EUR,Buy,2299096.41,2.29909641,8156.32
2025-05-08,2025-05,Bank C,FX,USD,Buy,2920163.37,2.92016337,12091.51
2025-08-29,2025-08,Bank A,Loan,EUR,Sell,3541286.61,3.54128661,-56637.5
2025-01-20,2025-01,Bank B,Commodity,EUR,Buy,1279236.29,1.27923629,94057.83
2025-08-01,2025-08,Bank C,Equity,JPY,Buy,3572765.28,3.57276528,63053.88
2025-07-14,2025-07,Bank C,Commodity,JPY,Sell,2529810.67,2.52981067,-82992.94
2025-02-18,2025-02,Bank C,Equity,EUR,Sell,2592306.0,2.592306,87809.52
2025-02-20,2025-02,Bank B,Commodity,EUR,Buy,2790913.42,2.79091342,-13156.79
2024-12-17,2024-12,Bank B,Equity,GBP,Buy,4780564.4,4.7805644,-85944.43
2025-04-09,2025-04,Bank D,Equity,JPY,Buy,4471839.53,4.4718395300000005,68908.56
2025-06-16,2025-06,Bank A,Commodity,JPY,Sell,4235517.39,4.23551739,-28433.05
2025-03-03,2025-03,Bank A,Bond,JPY,Buy,2415844.69,2.41584469,-34970.02
2025-06-05,2025-06,Bank B,Commodity,USD,Buy,1696603.43,1.69660343,48245.75
2025-05-15,2025-05,Bank A,FX,GBP,Sell,1454627.73,1.45462773,-68409.18
2025-02-04,2025-02,Bank D,Loan,GBP,Sell,3189392.05,3.18939205,-72753.06
2024-11-19,2024-11,Bank C,Commodity,GBP,Sell,4674025.64,4.67402564,75004.73
2024-10-02,2024-10,Bank A,Equity,JPY,Buy,1178858.72,1.17885872,26831.04
2025-07-23,2025-07,Bank B,FX,EUR,Sell,4163451.53,4.16345153,2228.68
2024-10-12,2024-10,Bank A,FX,USD,Buy,1531635.37,1.53163537,-83170.19
2025-02-11,2025-02,Bank B,FX,USD,Buy,3410941.43,3.4109414300000003,-44122.97
2025-02-07,2025-02,Bank D,Equity,GBP,Buy,2618410.71,2.61841071,-6529.61
2025-02-04,2025-02,Bank D,Equity,EUR,Buy,1720719.92,1.7207199199999998,18526.17
2025-02-11,2025-02,Bank B,Bond,USD,Sell,1118886.44,1.11888644,-3822.79
2025-03-30,2025-03,Bank A,Commodity,GBP,Buy,3561322.92,3.56132292,-90969.03
2025-06-06,2025-06,Bank B,Commodity,EUR,Buy,1939149.42,1.93914942,78453.38
2025-02-10,2025-02,Bank C,FX,JPY,Sell,173435.02,0.17343502,72670.91
2024-12-23,2024-12,Bank B,Bond,USD,Buy,648741.99,0.64874199,-53253.27
2025-07-20,2025-07,Bank D,Bond,USD,Buy,3195839.61,3.19583961,25735.49
2025-05-17,2025-05,Bank D,FX,GBP,Buy,457184.76,0.45718476,-33668.12
2024-09-23,2024-09,Bank D,FX,EUR,Sell,3395344.9,3.3953449,73862.41
2024-11-08,2024-11,Bank A,FX,EUR,Sell,495799.4,0.4957994,-60847.19
2025-01-31,2025-01,Bank D,Bond,JPY,Buy,3074552.81,3.07455281,-44883.94
2024-11-20,2024-11,Bank D,Equity,USD,Buy,1427306.13,1.4273061299999998,17558.59
2025-05-23,2025-05,Bank D,Bond,EUR,Buy,2639750.16,2.63975016,93574.62
2024-09-29,2024-09,Bank D,Loan,GBP,Buy,967834.2,0.9678342,-63495.7
2025-07-16,2025-07,Bank D,Commodity,USD,Sell,3795109.2,3.7951092,-27350.47
2025-08-22,2025-08,Bank B,Commodity,GBP,Buy,1799081.82,1.79908182,74113.92
2025-07-09,2025-07,Bank C,Commodity,JPY,Sell,3044645.66,3.04464566,12549.2
2025-06-20,2025-06,Bank B,Bond,GBP,Sell,975291.25,0.97529125,86830.66
2025-08-11,2025-08,Bank A,Loan,USD,Buy,2862057.89,2.86205789,95728.34
2024-11-24,2024-11,Bank C,Equity,GBP,Buy,3276850.27,3.27685027,62614.63
2025-06-13,2025-06,Bank B,FX,EUR,Buy,3139536.83,3.13953683,95646.41
2025-06-01,2025-06,Bank D,Bond,JPY,Sell,1391411.61,1.39141161,90017.01
2024-11-25,2024-11,Bank C,Loan,GBP,Sell,1734444.81,1.73444481,77590.19
2025-08-06,2025-08,Bank B,FX,EUR,Buy,966217.79,0.96621779,54667.01
2025-08-23,2025-08,Bank D,Bond,JPY,Buy,350272.89,0.35027289,31148.99
2025-09-12,2025-09,Bank B,Bond,USD,Buy,2043910.72,2.04391072,-23581.7
2024-12-07,2024-12,Bank D,Commodity,EUR,Buy,3925737.85,3.92573785,-92146.92
2025-02-16,2025-02,Bank A,FX,USD,Buy,232759.88,0.23275988,-44178.61
2025-02-22,2025-02,Bank A,Commodity,USD,Buy,2100827.72,2.1008277200000003,82411.56
2025-03-13,2025-03,Bank D,Equity,JPY,Sell,3162296.17,3.16229617,-73834.79
2024-10-15,2024-10,Bank A,Equity,EUR,Buy,4477506.11,4.47750611,60094.16
2025-01-25,2025-01,Bank D,Equity,GBP,Buy,3988217.0,3.988217,-94447.46
2025-06-03,2025-06,Bank B,Equity,GBP,Sell,4753725.83,4.7537258300000005,-77088.43
2025-04-15,2025-04,Bank B,Equity,JPY,Sell,623516.86,0.62351686,-34085.26
2025-07-01,2025-07,Bank C,FX,EUR,Buy,1718876.06,1.71887606,-40012.69
2025-07-29,2025-07,Bank D,Loan,JPY,Buy,3116842.21,3.11684221,7200.93
2025-03-08,2025-03,Bank D,Loan,USD,Buy,2862462.23,2.86246223,-61611.82
2025-08-04,2025-08,Bank D,Loan,USD,Buy,357552.83,0.35755283,-28117.99
2025-05-09,2025-05,Bank B,Loan,JPY,Buy,1037032.98,1.03703298,-42450.05
2024-12-28,2024-12,Bank C,Bond,GBP,Buy,3596682.06,3.59668206,35205.01
2025-09-07,2025-09,Bank D,Commodity,EUR,Sell,1476587.3,1.4765873,-23360.65
2025-04-01,2025-04,Bank A,Loan,JPY,Sell,650701.92,0.65070192,97442.19
2025-03-05,2025-03,Bank C,Bond,GBP,Sell,750183.47,0.75018347,4568.55
2025-08-22,2025-08,Bank C,FX,EUR,Buy,2042492.29,2.04249229,-2606.2
2024-12-16,2024-12,Bank A,FX,GBP,Buy,1094090.39,1.09409039,29858.27
2025-07-18,2025-07,Bank C,Bond,JPY,Buy,4376099.87,4.37609987,-68746.35
2025-03-09,2025-03,Bank D,Loan,JPY,Sell,3714736.43,3.71473643,667.57
2024-09-29,2024-09,Bank A,Commodity,USD,Sell,3733175.44,3.73317544,-83768.93
2025-04-04,2025-04,Bank C,Commodity,GBP,Buy,1676260.55,1.67626055,-52900.23
2025-08-23,2025-08,Bank B,FX,JPY,Sell,1848546.5,1.8485465,68433.88
2025-04-18,2025-04,Bank B,Loan,USD,Buy,4328443.34,4.32844334,-7089.86
2025-06-11,2025-06,Bank B,FX,USD,Buy,4345018.67,4.34501867,-17568.43
2025-03-30,2025-03,Bank A,Commodity,JPY,Sell,1188054.98,1.18805498,-50544.57
2024-11-08,2024-11,Bank D,Bond,EUR,Sell,4974657.99,4.97465799,63184.63
2025-05-12,2025-05,Bank D,Equity,GBP,Sell,3111249.95,3.1112499500000004,24343.33
2024-09-22,2024-09,Bank A,FX,USD,Buy,4486052.26,4.48605226,73419.96
2025-04-18,2025-04,Bank A,FX,JPY,Buy,3084166.61,3.08416661,-98878.15
2024-11-09,2024-11,Bank D,Loan,GBP,Buy,2291619.12,2.29161912,-38308.39
2025-09-11,2025-09,Bank C,FX,JPY,Sell,2357176.88,2.35717688,19812.86
2025-05-23,2025-05,Bank B,Commodity,GBP,Sell,3964512.64,3.96451264,6452.43
2024-10-09,2024-10,Bank B,Bond,USD,Sell,399745.61,0.39974561,-92160.43
2025-04-01,2025-04,Bank D,Commodity,USD,Sell,3880690.74,3.88069074,-44270.72
2025-05-21,2025-05,Bank C,Bond,GBP,Sell,3575434.47,3.5754344700000003,-11804.09
2025-08-02,2025-08,Bank B,FX,EUR,Sell,3659939.58,3.65993958,15532.43
2024-09-23,2024-09,Bank B,Loan,EUR,Buy,533079.7,0.5330796999999999,6239.97
2024-11-12,2024-11,Bank C,Equity,GBP,Sell,1363647.98,1.36364798,-19517.54
2025-07-06,2025-07,Bank D,Bond,EUR,Sell,4090378.88,4.09037888,28096.26
2024-12-10,2024-12,Bank B,Equity,GBP,Buy,2794874.06,2.79487406,-2411.22
2024-10-08,2024-10,Bank A,FX,USD,Buy,3731556.56,3.73155656,-51989.0
2025-07-04,2025-07,Bank B,Loan,EUR,Buy,2550806.98,2.55080698,-55127.41
2025-07-10,2025-07,Bank A,Commodity,USD,Buy,2763801.5,2.7638015,-88044.58
2024-11-04,2024-11,Bank B,Loan,USD,Buy,2963554.38,2.96355438,-36881.96
2025-02-10,2025-02,Bank B,Bond,GBP,Sell,2212168.56,2.21216856,-69696.77
2024-10-28,2024-10,Bank D,Loan,USD,Buy,4799012.29,4.79901229,-25052.33
2025-08-21,2025-08,Bank B,Loan,EUR,Buy,3542919.6,3.5429196000000003,96022.61
2025-08-08,2025-08,Bank B,Equity,USD,Sell,1567509.16,1.56750916,28956.76
2024-12-10,2024-12,Bank B,FX,GBP,Sell,4375830.81,4.375830809999999,-19264.17
2024-10-10,2024-10,Bank C,Commodity,USD,Buy,608542.61,0.60854261,-40840.61
2025-08-04,2025-08,Bank A,Commodity,EUR,Buy,4343831.37,4.34383137,-40225.03
2025-01-21,2025-01,Bank A,Loan,JPY,Buy,3587735.66,3.5877356600000003,64679.5
2025-08-06,2025-08,Bank B,Equity,EUR,Buy,4663575.21,4.66357521,-62579.93
2025-08-29,2025-08,Bank A,FX,JPY,Buy,4454740.71,4.45474071,-27645.29
2025-09-03,2025-09,Bank D,Loan,USD,Sell,1696496.5,1.6964965,13552.01
2025-03-20,2025-03,Bank B,Equity,JPY,Buy,2670288.75,2.67028875,-36857.18
2025-01-13,2025-01,Bank C,Equity,GBP,Sell,1927124.93,1.92712493,-85865.1
2024-10-26,2024-10,Bank B,Loan,GBP,Buy,4096052.96,4.09605296,-23894.5
2025-05-26,2025-05,Bank D,Commodity,EUR,Buy,4246237.97,4.24623797,90591.58
2024-12-12,2024-12,Bank B,Loan,JPY,Buy,1967508.19,1.96750819,-30025.57
2025-05-24,2025-05,Bank A,Equity,JPY,Buy,3810089.06,3.81008906,-81163.22
2025-07-10,2025-07,Bank A,FX,JPY,Buy,3335196.71,3.33519671,97803.08
2025-02-21,2025-02,Bank A,Commodity,EUR,Sell,216686.56,0.21668656,-48559.39
2025-02-11,2025-02,Bank D,Commodity,USD,Sell,1447720.88,1.44772088,44807.64
2025-09-02,2025-09,Bank D,FX,JPY,Sell,903672.63,0.90367263,-5944.94
2025-07-25,2025-07,Bank A,Loan,EUR,Sell,4203207.93,4.20320793,-16493.38
2025-05-29,2025-05,Bank C,Bond,USD,Sell,4417785.89,4.417785889999999,53452.15
2025-01-27,2025-01,Bank D,Equity,GBP,Buy,4543347.48,4.54334748,66985.04
2025-05-14,2025-05,Bank C,Equity,USD,Sell,191978.05,0.1919780499999999,81761.99
2024-11-20,2024-11,Bank A,Equity,USD,Buy,2971482.7,2.9714827,-22305.82
2024-10-13,2024-10,Bank C,FX,USD,Sell,343203.76,0.34320376,25418.07
2024-12-13,2024-12,Bank B,Equity,GBP,Buy,4888770.48,4.888770480000001,62248.63
2025-03-11,2025-03,Bank A,Equity,GBP,Buy,1565276.83,1.5652768300000002,-30562.34
2025-05-05,2025-05,Bank C,Commodity,EUR,Buy,4429102.35,4.42910235,-37333.45
2025-09-13,2025-09,Bank D,Equity,EUR,Buy,3307181.78,3.30718178,-32603.94
2024-10-07,2024-10,Bank B,Commodity,GBP,Buy,4787149.77,4.787149769999999,-24777.14
2024-12-20,2024-12,Bank B,Loan,EUR,Sell,4522503.43,4.52250343,-79597.57
2025-06-11,2025-06,Bank D,FX,JPY,Sell,300584.04,0.30058404,-13847.01
2024-10-15,2024-10,Bank B,FX,EUR,Buy,216398.91,0.21639891,70964.4
2024-10-11,2024-10,Bank C,Commodity,JPY,Sell,1742488.01,1.74248801,64538.48
2024-12-06,2024-12,Bank A,Commodity,JPY,Sell,876439.41,0.87643941,44878.37
2025-02-02,2025-02,Bank C,Bond,USD,Buy,775216.01,0.77521601,-94888.27
2025-08-25,2025-08,Bank B,Commodity,JPY,Buy,4010052.34,4.01005234,23687.17
2025-07-28,2025-07,Bank B,Loan,EUR,Sell,4513282.08,4.51328208,-21928.82
2025-09-01,2025-09,Bank B,Bond,JPY,Sell,4256432.48,4.256432480000001,-3846.57
2025-04-26,2025-04,Bank A,Loan,USD,Sell,3347223.26,3.34722326,-29067.48
2024-10-04,2024-10,Bank A,Commodity,JPY,Sell,690056.56,0.69005656,73386.48
2025-08-27,2025-08,Bank D,Equity,JPY,Buy,2479836.12,2.4798361200000003,-11086.12
2025-09-11,2025-09,Bank B,Equity,USD,Buy,3052933.4,3.0529334,93803.72
2025-01-26,2025-01,Bank D,Commodity,GBP,Buy,3325053.9,3.3250539,-81418.16
2024-12-11,2024-12,Bank C,FX,USD,Buy,4151433.44,4.15143344,42307.22
2025-03-01,2025-03,Bank B,Equity,EUR,Buy,4476633.03,4.47663303,-66151.9
2025-01-26,2025-01,Bank C,Loan,JPY,Sell,2570283.78,2.57028378,-62063.48
2025-08-16,2025-08,Bank B,Equity,JPY,Sell,1675168.1,1.6751681,86097.48
2025-02-17,2025-02,Bank D,FX,EUR,Buy,2424649.96,2.42464996,-16073.82
2025-07-15,2025-07,Bank C,Bond,JPY,Buy,4245759.68,4.24575968,43537.84
2025-06-30,2025-06,Bank A,Equity,EUR,Sell,4894654.17,4.89465417,-13889.89
2025-09-07,2025-09,Bank D,Commodity,USD,Sell,2557066.24,2.55706624,-69717.55
2025-09-02,2025-09,Bank B,Commodity,JPY,Sell,2452873.89,2.45287389,47244.66
2024-09-22,2024-09,Bank A,Loan,EUR,Sell,1458849.41,1.45884941,-28472.41
2025-01-22,2025-01,Bank D,Bond,USD,Sell,771169.92,0.7711699200000001,76041.51
2025-03-25,2025-03,Bank B,Equity,USD,Sell,1112714.97,1.11271497,14541.77
2024-12-29,2024-12,Bank A,Loan,USD,Sell,3789754.4,3.7897544,60409.59
2025-08-06,2025-08,Bank C,Equity,EUR,Buy,1612945.84,1.61294584,-3416.84
2025-05-18,2025-05,Bank A,FX,GBP,Sell,1847413.75,1.84741375,-39408.27
2024-09-25,2024-09,Bank C,FX,USD,Sell,3548665.9,3.5486659,13443.8
2025-04-25,2025-04,Bank C,Equity,USD,Sell,1717352.08,1.7173520800000002,-27969.26
2024-10-09,2024-10,Bank D,Loan,USD,Buy,1262540.03,1.26254003,34217.04
2025-02-05,2025-02,Bank D,Loan,JPY,Sell,4319070.07,4.31907007,-21367.41
2025-04-09,2025-04,Bank C,Bond,JPY,Buy,4936392.36,4.93639236,27414.29
2025-08-30,2025-08,Bank A,Equity,GBP,Buy,4492026.51,4.49202651,-98748.63
2025-09-17,2025-09,Bank C,FX,USD,Sell,3438185.19,3.43818519,21595.42
2024-11-04,2024-11,Bank D,Commodity,JPY,Sell,4764520.02,4.76452002,48940.29
2025-05-16,2025-05,Bank C,Equity,JPY,Sell,1301163.34,1.30116334,-68244.93
2024-10-17,2024-10,Bank C,FX,GBP,Buy,3012351.13,3.01235113,4758.2
2024-12-22,2024-12,Bank D,Loan,USD,Sell,2105593.46,2.10559346,-49997.45
2025-03-05,2025-03,Bank C,Loan,EUR,Sell,2779183.55,2.77918355,3952.17
2024-12-09,2024-12,Bank D,FX,GBP,Sell,599305.08,0.5993050799999999,-66787.34
2025-04-30,2025-04,Bank A,Bond,JPY,Sell,2668152.37,2.66815237,-57058.49
2024-11-28,2024-11,Bank D,FX,USD,Buy,982614.3,0.9826143,-44587.51
2024-11-26,2024-11,Bank A,FX,JPY,Buy,4119723.51,4.11972351,83888.21
2024-09-20,2024-09,Bank D,FX,JPY,Sell,1010097.8,1.0100978,-84848.98
2025-03-15,2025-03,Bank B,Bond,JPY,Buy,3634948.97,3.63494897,-40631.5
2025-07-24,2025-07,Bank B,Bond,USD,Buy,222497.25,0.22249725,-9842.57
2024-11-26,2024-11,Bank C,FX,GBP,Sell,1525653.5,1.5256535,-70887.69
2025-03-07,2025-03,Bank C,Commodity,GBP,Sell,893379.54,0.8933795400000001,-64442.38
2025-02-19,2025-02,Bank D,Loan,EUR,Sell,705246.07,0.70524607,-16720.78
2025-04-08,2025-04,Bank A,Loan,USD,Buy,3190153.0,3.190153,26993.01
2024-12-06,2024-12,Bank B,Loan,GBP,Buy,3866424.72,3.86642472,34473.58
2024-12-03,2024-12,Bank D,Commodity,EUR,Buy,3631938.42,3.63193842,549.25
2025-07-20,2025-07,Bank C,Loan,JPY,Buy,4430901.92,4.43090192,-45140.53
2024-09-25,2024-09,Bank D,Bond,GBP,Sell,3375921.89,3.3759218900000003,-27916.0
2025-08-13,2025-08,Bank A,Bond,EUR,Buy,4192404.99,4.19240499,44833.36
2025-03-25,2025-03,Bank A,Commodity,USD,Buy,2117977.25,2.11797725,-28224.71
2025-09-15,2025-09,Bank B,FX,JPY,Buy,4673936.16,4.67393616,-88330.91
2025-08-06,2025-08,Bank A,Equity,GBP,Sell,2972565.89,2.9725658900000003,-66362.33
2024-10-09,2024-10,Bank D,Bond,JPY,Sell,858204.67,0.85820467,-87653.57
2024-11-07,2024-11,Bank D,Bond,GBP,Buy,2399458.52,2.39945852,-24702.62
2025-08-09,2025-08,Bank B,FX,EUR,Buy,444907.07,0.44490707,-51361.97
2025-01-09,2025-01,Bank B,Loan,JPY,Sell,2485585.26,2.48558526,-26943.38
2025-07-24,2025-07,Bank A,Equity,EUR,Buy,181312.48,0.18131248,57241.0
2025-06-05,2025-06,Bank D,Commodity,JPY,Buy,3289539.67,3.28953967,-43496.91
2025-09-17,2025-09,Bank D,Loan,EUR,Buy,1856044.02,1.85604402,-3994.25
2025-02-15,2025-02,Bank B,FX,EUR,Buy,813110.95,0.81311095,77037.62
2024-12-14,2024-12,Bank A,FX,GBP,Sell,3252744.11,3.25274411,-53871.44
2024-10-02,2024-10,Bank D,Equity,GBP,Sell,116364.39,0.11636439,44119.23
2025-05-05,2025-05,Bank C,Bond,EUR,Buy,2976958.35,2.9769583500000003,93083.94
2025-03-17,2025-03,Bank B,Commodity,GBP,Buy,1872905.26,1.87290526,-81528.68
2025-08-09,2025-08,Bank A,FX,EUR,Sell,1739983.39,1.73998339,-53582.21
2025-07-05,2025-07,Bank B,Equity,JPY,Sell,4160764.11,4.16076411,33307.15
2025-01-01,2025-01,Bank D,Equity,EUR,Sell,599507.98,0.5995079799999999,57291.4
2025-09-17,2025-09,Bank A,FX,JPY,Buy,414740.32,0.41474032,7685.16
2025-06-21,2025-06,Bank C,FX,USD,Buy,4099558.16,4.09955816,-40672.31
2024-12-21,2024-12,Bank C,Commodity,GBP,Buy,1904395.68,1.90439568,43118.11
2025-08-29,2025-08,Bank A,Equity,GBP,Buy,492029.22,0.49202922,-46712.04
2025-04-13,2025-04,Bank C,Equity,EUR,Sell,1007924.5,1.0079245,-3934.18
2025-01-18,2025-01,Bank B,Loan,JPY,Buy,2241420.74,2.24142074,-60722.63
2024-09-26,2024-09,Bank B,Loan,GBP,Buy,1226305.75,1.22630575,99330.09
2025-01-24,2025-01,Bank B,Bond,GBP,Buy,1950612.93,1.95061293,18530.7
2025-02-24,2025-02,Bank D,Commodity,EUR,Sell,1384339.5,1.3843395,-97285.14
2025-08-06,2025-08,Bank D,FX,EUR,Buy,1923012.63,1.92301263,95674.89
2024-11-19,2024-11,Bank B,FX,GBP,Buy,318660.38,0.31866038,24086.87
2025-04-09,2025-04,Bank D,Commodity,JPY,Buy,3730354.44,3.73035444,-72394.47
2025-07-06,2025-07,Bank A,FX,USD,Buy,231629.98,0.23162998,-50695.7
2025-04-19,2025-04,Bank A,FX,USD,Sell,1352731.34,1.35273134,-6052.24
2025-08-27,2025-08,Bank B,Loan,EUR,Buy,1163950.57,1.16395057,43041.15
2024-11-08,2024-11,Bank B,Equity,EUR,Sell,3470987.19,3.47098719,-25948.6
2025-03-17,2025-03,Bank A,Loan,USD,Sell,2430080.16,2.43008016,-26023.93
2025-06-21,2025-06,Bank C,Commodity,USD,Buy,4433437.19,4.43343719,37807.89
2025-05-29,2025-05,Bank B,Commodity,EUR,Sell,615630.97,0.61563097,-23979.16
2025-02-06,2025-02,Bank B,FX,USD,Buy,2825219.9,2.8252199,74355.89
2025-02-12,2025-02,Bank D,Bond,USD,Buy,3188891.26,3.18889126,-14945.76
2025-04-27,2025-04,Bank C,FX,USD,Buy,2699708.77,2.69970877,-9171.41
2025-01-03,2025-01,Bank B,Equity,GBP,Buy,1577844.46,1.57784446,35648.34
2025-02-14,2025-02,Bank A,Equity,USD,Sell,818693.35,0.81869335,46753.12
2025-03-08,2025-03,Bank A,Loan,JPY,Buy,399040.85,0.39904085,11595.11
2025-01-11,2025-01,Bank A,Loan,EUR,Buy,3257166.19,3.25716619,-38144.35
2024-10-04,2024-10,Bank B,Equity,JPY,Sell,3660247.98,3.66024798,-32559.36
2024-10-28,2024-10,Bank C,Commodity,EUR,Sell,4731097.48,4.731097480000001,6675.18
2025-02-17,2025-02,Bank A,FX,JPY,Buy,4684218.87,4.6842188700000005,89449.79
2025-01-03,2025-01,Bank A,Loan,USD,Sell,1900635.78,1.90063578,-74267.27
2024-12-09,2024-12,Bank B,FX,JPY,Buy,3665233.69,3.66523369,-88168.52
2025-04-23,2025-04,Bank A,FX,USD,Buy,527831.43,0.5278314300000001,-37491.95
2025-06-03,2025-06,Bank D,Loan,EUR,Buy,801518.28,0.80151828,-11394.2
2025-07-18,2025-07,Bank C,Commodity,GBP,Buy,3190745.11,3.19074511,-48540.82
2024-11-02,2024-11,Bank B,FX,USD,Buy,4071648.04,4.07164804,65081.94
2025-07-11,2025-07,Bank B,Loan,USD,Buy,2695921.39,2.69592139,22010.66
2025-04-10,2025-04,Bank A,FX,JPY,Buy,2919482.51,2.91948251,-41779.34
2025-09-17,2025-09,Bank C,Loan,USD,Sell,3221436.93,3.2214369300000003,17144.59
2025-05-23,2025-05,Bank C,Bond,EUR,Sell,3743601.23,3.74360123,-66208.3
2025-08-04,2025-08,Bank D,Loan,EUR,Sell,4058532.96,4.05853296,-19379.38
2025-04-12,2025-04,Bank B,Bond,EUR,Sell,4788681.35,4.78868135,72081.53
2025-06-09,2025-06,Bank C,Loan,USD,Sell,1386755.43,1.38675543,13712.65
2025-08-21,2025-08,Bank B,Bond,GBP,Buy,4741159.19,4.74115919,-28452.2
2025-04-09,2025-04,Bank B,Bond,EUR,Sell,4772818.05,4.77281805,-96519.17
2025-02-08,2025-02,Bank A,Commodity,USD,Buy,1757315.93,1.75731593,-56328.14
2024-12-26,2024-12,Bank B,Equity,GBP,Sell,2709310.46,2.70931046,84491.07
2025-09-05,2025-09,Bank B,Equity,JPY,Sell,4876440.64,4.876440639999999,83828.89
2024-12-19,2024-12,Bank C,Loan,JPY,Buy,3658984.52,3.65898452,44371.12
2024-10-17,2024-10,Bank D,FX,GBP,Buy,2402343.69,2.40234369,23146.76
2025-08-08,2025-08,Bank B,Commodity,USD,Buy,3279626.53,3.27962653,34449.69
2025-07-13,2025-07,Bank A,Equity,GBP,Sell,4975706.79,4.97570679,54012.52
2025-09-17,2025-09,Bank B,Equity,EUR,Buy,3946376.31,3.94637631,-42323.57
2024-11-07,2024-11,Bank A,FX,JPY,Buy,1455516.7,1.4555167,-2385.22
2025-08-05,2025-08,Bank B,Commodity,GBP,Buy,1716066.73,1.71606673,99888.13
2025-07-18,2025-07,Bank C,Loan,USD,Buy,1814604.1,1.8146041,-45864.03
2025-03-13,2025-03,Bank D,Equity,JPY,Sell,784932.62,0.78493262,4268.72
2025-07-27,2025-07,Bank D,Loan,GBP,Buy,1028615.81,1.02861581,-39354.96
2025-02-18,2025-02,Bank D,Loan,USD,Sell,1867552.35,1.86755235,-14352.31
2024-10-31,2024-10,Bank D,Commodity,GBP,Buy,4643071.65,4.64307165,35886.31
2024-10-29,2024-10,Bank A,Commodity,EUR,Buy,3666444.38,3.66644438,7118.31
2025-08-10,2025-08,Bank C,FX,USD,Sell,2857983.83,2.85798383,24003.2
2025-08-28,2025-08,Bank D,Loan,JPY,Sell,1439374.46,1.43937446,-68123.59
2025-01-06,2025-01,Bank B,Commodity,GBP,Sell,297043.48,0.2970434799999999,77479.58
2024-12-18,2024-12,Bank D,Loan,USD,Sell,1840233.28,1.84023328,-138.8
2024-11-25,2024-11,Bank C,Loan,EUR,Buy,1121894.2,1.1218942,-29271.93
2025-01-27,2025-01,Bank A,Equity,GBP,Sell,390125.01,0.39012501,8218.86
2025-04-14,2025-04,Bank B,FX,GBP,Buy,3397467.34,3.39746734,69397.02
2025-07-06,2025-07,Bank C,Loan,USD,Sell,247223.98,0.24722398,-13139.43
2025-07-19,2025-07,Bank D,Commodity,JPY,Sell,4885642.09,4.88564209,-23056.14
2024-11-28,2024-11,Bank A,Bond,EUR,Buy,3327105.13,3.32710513,41479.67
2025-02-16,2025-02,Bank C,Equity,GBP,Buy,1654050.3,1.6540503,83378.88
2025-01-25,2025-01,Bank C,Bond,EUR,Sell,1588038.57,1.58803857,9886.54
2025-08-29,2025-08,Bank B,Bond,GBP,Sell,881674.25,0.88167425,-65765.72
2025-06-23,2025-06,Bank C,Bond,GBP,Buy,760595.02,0.76059502,-49745.19
2025-08-06,2025-08,Bank A,FX,GBP,Buy,3440039.19,3.44003919,85497.97
2025-09-16,2025-09,Bank A,Commodity,GBP,Buy,354862.9,0.3548629,39727.38
2025-07-07,2025-07,Bank B,FX,JPY,Sell,510857.34,0.51085734,79568.04
2024-11-24,2024-11,Bank A,Equity,USD,Buy,1653488.08,1.65348808,-28383.51
2025-04-15,2025-04,Bank D,Commodity,GBP,Sell,4349200.35,4.349200349999999,-47193.52
2025-03-28,2025-03,Bank C,Bond,JPY,Sell,1536983.86,1.53698386,-66303.18
2024-10-17,2024-10,Bank A,FX,USD,Sell,4544755.97,4.54475597,-28627.0
2025-01-23,2025-01,Bank D,Loan,GBP,Sell,2560238.85,2.56023885,77002.04
2025-09-07,2025-09,Bank B,Bond,GBP,Sell,4768955.06,4.76895506,66849.01
2025-08-28,2025-08,Bank A,Bond,USD,Buy,3210231.2,3.2102312000000004,-83198.77
2024-10-20,2024-10,Bank A,Equity,USD,Buy,3168413.67,3.16841367,10879.7
2024-12-11,2024-12,Bank D,Equity,GBP,Buy,2799814.35,2.79981435,59710.51
2025-02-25,2025-02,Bank D,Equity,JPY,Sell,2832227.18,2.8322271800000003,28220.23
2025-01-14,2025-01,Bank A,Loan,JPY,Sell,2721544.2,2.7215442000000003,-3902.73
2025-09-10,2025-09,Bank B,Bond,EUR,Buy,2200590.68,2.2005906800000004,58371.75
2025-03-12,2025-03,Bank A,FX,USD,Sell,2816457.35,2.8164573500000003,54191.06
2025-03-14,2025-03,Bank A,Commodity,USD,Buy,4817727.49,4.81772749,71970.42
2024-11-05,2024-11,Bank A,Equity,EUR,Sell,3680961.39,3.68096139,30396.34
2025-08-02,2025-08,Bank B,Loan,JPY,Buy,4252329.52,4.25232952,-19664.07
2025-06-01,2025-06,Bank A,Loan,EUR,Sell,3197606.21,3.19760621,51903.03
2025-04-18,2025-04,Bank D,Equity,GBP,Buy,2172245.53,2.17224553,83183.32
2025-01-25,2025-01,Bank C,Loan,GBP,Sell,3953617.0,3.953617,31329.29
2024-12-29,2024-12,Bank D,Commodity,EUR,Buy,4032948.77,4.03294877,85940.26
2025-05-22,2025-05,Bank B,Commodity,EUR,Sell,1880404.28,1.88040428,-429.57
2025-02-28,2025-02,Bank D,Loan,JPY,Buy,2814943.95,2.81494395,60145.08
2025-05-02,2025-05,Bank B,Equity,JPY,Sell,1517328.87,1.51732887,86975.87
2024-09-21,2024-09,Bank B,Loan,JPY,Buy,972637.89,0.97263789,-21054.48
2024-11-01,2024-11,Bank C,Loan,GBP,Buy,1051751.74,1.05175174,-5601.17
2024-10-02,2024-10,Bank A,Loan,EUR,Buy,1383706.62,1.38370662,-71846.13
2025-02-20,2025-02,Bank C,Bond,JPY,Buy,3118241.14,3.1182411400000003,-9016.53
2025-08-07,2025-08,Bank A,FX,EUR,Sell,4997667.56,4.99766756,-3489.72
2025-02-12,2025-02,Bank C,Equity,USD,Buy,3958961.9,3.9589619,92643.94
2025-04-01,2025-04,Bank A,Loan,GBP,Sell,2697832.67,2.69783267,-42559.13
2025-01-10,2025-01,Bank D,Equity,EUR,Sell,1217666.66,1.21766666,98940.5
2025-06-18,2025-06,Bank A,Equity,JPY,Buy,1402309.91,1.4023099099999998,86649.93
2025-01-21,2025-01,Bank D,Commodity,JPY,Sell,837143.5,0.8371435,-23720.13
2024-11-05,2024-11,Bank B,Equity,JPY,Buy,1190978.87,1.19097887,-14407.97
2025-06-05,2025-06,Bank A,Commodity,JPY,Buy,2895677.71,2.89567771,-3608.1
2025-02-17,2025-02,Bank C,Bond,GBP,Buy,829205.37,0.8292053699999999,-31938.28
2025-06-11,2025-06,Bank D,Commodity,EUR,Sell,3413696.16,3.41369616,79575.97
2025-07-18,2025-07,Bank C,FX,JPY,Buy,3618143.7,3.6181437,29488.07
2025-04-25,2025-04,Bank B,Equity,GBP,Sell,2294597.53,2.29459753,-21596.92
2025-07-10,2025-07,Bank C,FX,USD,Buy,1260356.96,1.26035696,-6525.45
2024-10-07,2024-10,Bank A,Bond,EUR,Buy,4124629.32,4.12462932,-61477.43
2025-01-19,2025-01,Bank C,Commodity,USD,Sell,1612168.0,1.612168,16498.23
2024-11-21,2024-11,Bank C,Equity,GBP,Buy,1298648.26,1.29864826,-57023.78
2025-07-22,2025-07,Bank B,Bond,JPY,Sell,3440128.51,3.44012851,-81425.48
2025-04-29,2025-04,Bank A,FX,USD,Sell,3567719.46,3.56771946,92459.4
2025-03-21,2025-03,Bank A,Loan,EUR,Sell,2425813.74,2.42581374,4263.47
2025-01-24,2025-01,Bank A,Bond,JPY,Buy,4265983.87,4.26598387,22407.48
2024-10-07,2024-10,Bank D,Bond,GBP,Buy,1920629.16,1.92062916,-80641.89
2025-08-19,2025-08,Bank C,Equity,EUR,Buy,1572461.64,1.57246164,-11985.3
2024-11-04,2024-11,Bank B,Loan,USD,Sell,4146888.97,4.14688897,99183.34
2024-10-08,2024-10,Bank A,Commodity,JPY,Buy,4122014.82,4.12201482,73443.82
2025-07-03,2025-07,Bank C,Commodity,EUR,Sell,4033883.16,4.03388316,-75591.83
2025-05-29,2025-05,Bank D,FX,EUR,Sell,4661224.59,4.66122459,-24592.32
2025-03-15,2025-03,Bank D,Bond,GBP,Buy,2400093.16,2.40009316,25579.69
2024-11-23,2024-11,Bank C,Equity,GBP,Sell,746330.2,0.7463301999999999,64584.08
2024-10-13,2024-10,Bank A,Equity,USD,Sell,2928782.93,2.92878293,-78096.65
2025-07-06,2025-07,Bank A,Equity,EUR,Sell,2719648.47,2.71964847,-69346.25
2025-04-14,2025-04,Bank B,Loan,JPY,Buy,3152900.08,3.15290008,-58982.28
2025-06-19,2025-06,Bank A,FX,USD,Sell,4452418.49,4.45241849,-45509.21
2025-01-30,2025-01,Bank B,Bond,USD,Sell,4178387.36,4.178387359999999,-75786.38
2024-12-28,2024-12,Bank D,Equity,GBP,Sell,4674740.44,4.674740440000001,-1872.75
2025-08-29,2025-08,Bank C,Commodity,USD,Buy,1534292.93,1.53429293,87010.97
2024-11-28,2024-11,Bank A,Equity,JPY,Buy,3563173.62,3.56317362,41733.9
2024-12-13,2024-12,Bank A,Loan,JPY,Sell,3529952.27,3.52995227,-86445.94
2024-10-20,2024-10,Bank B,Equity,USD,Sell,3109356.36,3.10935636,-34577.64
2025-07-20,2025-07,Bank A,Bond,USD,Sell,1679338.15,1.67933815,5323.36
2024-11-20,2024-11,Bank A,FX,GBP,Sell,3459741.08,3.45974108,-59467.28
2024-10-25,2024-10,Bank C,Commodity,USD,Sell,245611.12,0.24561112,87745.98
2025-02-16,2025-02,Bank A,Bond,JPY,Sell,4735519.45,4.73551945,66290.54
2024-09-21,2024-09,Bank D,Loan,EUR,Sell,2712032.96,2.71203296,-59173.28
2024-11-10,2024-11,Bank A,FX,GBP,Sell,3844932.49,3.84493249,-78363.48
2025-01-31,2025-01,Bank D,Loan,JPY,Sell,1477706.22,1.47770622,-46228.48
2025-03-14,2025-03,Bank B,Commodity,JPY,Sell,3663342.13,3.66334213,-1797.07
2025-06-24,2025-06,Bank C,Commodity,EUR,Sell,1556376.68,1.5563766799999998,26978.19
2025-05-14,2025-05,Bank B,FX,USD,Buy,3010440.51,3.01044051,31243.97
2025-02-25,2025-02,Bank D,Equity,USD,Buy,1306959.05,1.30695905,23541.3
2025-02-14,2025-02,Bank A,Commodity,EUR,Sell,4033210.41,4.033210410000001,-44420.34
2025-08-02,2025-08,Bank D,Equity,EUR,Sell,1438883.16,1.4388831599999998,42439.93
2025-06-30,2025-06,Bank A,Equity,USD,Buy,3887478.41,3.88747841,-21841.93
2025-06-05,2025-06,Bank A,Commodity,EUR,Buy,3563745.69,3.56374569,65225.49
2025-07-03,2025-07,Bank D,FX,EUR,Buy,1744999.98,1.74499998,-2824.48
2024-11-10,2024-11,Bank B,Commodity,GBP,Sell,4328573.79,4.32857379,-75906.92
2024-10-06,2024-10,Bank A,Equity,EUR,Buy,876492.6,0.8764926,-54679.6
2025-04-16,2025-04,Bank B,Bond,USD,Buy,1569862.88,1.5698628799999998,34044.57
2024-12-18,2024-12,Bank C,FX,JPY,Sell,3852845.99,3.85284599,21505.34
2024-11-25,2024-11,Bank A,Loan,JPY,Buy,940307.19,0.94030719,-79872.94
2024-12-20,2024-12,Bank A,Commodity,JPY,Buy,1651223.2,1.6512232,21227.36
2025-03-20,2025-03,Bank A,Bond,JPY,Sell,2287779.03,2.28777903,-3993.8
2025-02-24,2025-02,Bank C,Equity,EUR,Buy,3967696.29,3.96769629,-77451.58
2025-05-13,2025-05,Bank D,FX,GBP,Sell,2501558.74,2.50155874,-88141.08
2024-12-25,2024-12,Bank A,Loan,GBP,Sell,1827938.69,1.82793869,-36139.54
2025-07-08,2025-07,Bank B,Equity,GBP,Buy,2316682.6,2.3166826,76454.93
2025-07-13,2025-07,Bank A,FX,EUR,Buy,743949.03,0.74394903,-93434.43
2024-12-25,2024-12,Bank A,Bond,EUR,Sell,2967983.48,2.96798348,-70778.27
2025-05-27,2025-05,Bank D,Bond,USD,Sell,985879.14,0.98587914,58996.6
2025-05-04,2025-05,Bank C,Equity,JPY,Buy,276963.05,0.27696305,-50574.79
2025-01-10,2025-01,Bank A,Commodity,GBP,Sell,574156.27,0.57415627,-48773.86
2024-12-03,2024-12,Bank A,Bond,GBP,Sell,4166121.76,4.166121759999999,-84762.56
2025-05-24,2025-05,Bank D,Bond,JPY,Sell,2022054.39,2.02205439,42673.47
2025-01-05,2025-01,Bank A,Equity,GBP,Sell,2888959.33,2.88895933,-71588.68
2025-08-10,2025-08,Bank D,Loan,GBP,Buy,2677169.84,2.67716984,-53786.93
2025-03-11,2025-03,Bank A,FX,EUR,Sell,2274776.34,2.27477634,-38920.96
2025-06-12,2025-06,Bank B,Commodity,USD,Buy,753582.04,0.7535820400000001,-39561.82
2025-08-13,2025-08,Bank C,Bond,EUR,Buy,1145555.69,1.14555569,51499.19
2025-08-28,2025-08,Bank A,Loan,EUR,Sell,2467692.2,2.4676922,27349.44
2025-01-11,2025-01,Bank B,Commodity,USD,Sell,3585940.82,3.58594082,-93062.53
2025-07-09,2025-07,Bank C,Bond,USD,Sell,4626728.42,4.62672842,-86650.4
2025-03-26,2025-03,Bank C,FX,USD,Sell,3867112.34,3.86711234,-74075.51
2025-04-17,2025-04,Bank C,Bond,EUR,Buy,1885909.56,1.88590956,28776.25
2025-04-28,2025-04,Bank A,Loan,GBP,Sell,412386.59,0.41238659,-25005.54
2025-06-25,2025-06,Bank A,Loan,USD,Sell,1168117.64,1.16811764,-38958.52
2025-07-15,2025-07,Bank A,Bond,JPY,Buy,1439983.23,1.43998323,45115.79
2025-07-18,2025-07,Bank B,Bond,JPY,Buy,1711859.4,1.7118593999999998,14843.51
2025-01-07,2025-01,Bank D,Bond,EUR,Buy,2671139.3,2.6711393,16967.96
2025-07-13,2025-07,Bank B,Commodity,USD,Buy,3644801.42,3.64480142,-47588.17
2025-03-12,2025-03,Bank A,Equity,GBP,Buy,4165791.52,4.16579152,-25123.14
2025-04-22,2025-04,Bank D,Bond,EUR,Buy,1822750.21,1.82275021,-48271.92
2024-11-23,2024-11,Bank A,Commodity,GBP,Sell,3718562.97,3.71856297,44609.84
2025-04-24,2025-04,Bank C,Loan,JPY,Buy,2283316.22,2.28331622,-20484.29
2024-12-06,2024-12,Bank C,FX,JPY,Buy,2157224.02,2.15722402,51642.93
2024-11-23,2024-11,Bank B,Commodity,USD,Buy,4950067.78,4.95006778,32629.55
2025-03-08,2025-03,Bank D,FX,GBP,Buy,531382.89,0.53138289,-99131.07
2025-04-10,2025-04,Bank D,Equity,JPY,Sell,4856421.79,4.85642179,-59997.83
2025-06-03,2025-06,Bank D,Bond,USD,Sell,1561028.09,1.56102809,56252.09
2024-10-27,2024-10,Bank B,Commodity,EUR,Buy,4201452.38,4.20145238,25078.14
2024-10-04,2024-10,Bank D,Loan,JPY,Buy,1843539.84,1.84353984,6795.77
2025-05-18,2025-05,Bank A,Commodity,EUR,Buy,2894398.11,2.89439811,42073.45
2025-06-24,2025-06,Bank B,Commodity,USD,Sell,811057.85,0.81105785,-54284.16
2024-11-19,2024-11,Bank D,Commodity,EUR,Sell,742238.55,0.74223855,-11798.27
2024-11-02,2024-11,Bank D,FX,JPY,Sell,2324360.5,2.3243605,91515.79
2025-04-08,2025-04,Bank A,FX,JPY,Sell,421967.42,0.42196742,-56499.98
2025-07-19,2025-07,Bank A,FX,JPY,Buy,1943188.84,1.94318884,-76586.14
2024-11-22,2024-11,Bank D,FX,GBP,Buy,2465484.74,2.4654847400000004,62519.16
2024-11-02,2024-11,Bank D,Equity,JPY,Sell,4072272.7,4.0722727,96703.89
2025-06-24,2025-06,Bank A,Loan,JPY,Sell,1488188.12,1.48818812,-75039.37
2025-05-15,2025-05,Bank D,Equity,GBP,Sell,2748362.31,2.74836231,48249.47
2025-07-12,2025-07,Bank D,Loan,USD,Sell,1128465.93,1.12846593,39085.86
2025-09-02,2025-09,Bank D,FX,GBP,Buy,123913.11,0.12391311,-78045.67
2025-08-03,2025-08,Bank C,Bond,EUR,Buy,3070122.64,3.07012264,56278.46
2024-12-13,2024-12,Bank B,FX,GBP,Buy,476760.46,0.47676046,36745.31
2024-10-01,2024-10,Bank A,FX,EUR,Sell,1033949.18,1.03394918,-49072.53
2025-08-28,2025-08,Bank A,Bond,JPY,Buy,1993750.46,1.99375046,-18150.32
2024-09-23,2024-09,Bank C,Commodity,USD,Buy,2566928.01,2.56692801,66450.34
2025-03-27,2025-03,Bank C,Commodity,EUR,Sell,1875319.03,1.87531903,97931.47
2024-11-02,2024-11,Bank B,Loan,JPY,Buy,907172.72,0.90717272,-9594.38
2025-07-23,2025-07,Bank A,Loan,EUR,Buy,524755.17,0.52475517,-46704.21
2024-11-06,2024-11,Bank A,Commodity,JPY,Buy,1236081.52,1.23608152,-93924.57
2024-09-21,2024-09,Bank C,Loan,JPY,Sell,168645.44,0.16864544,-53046.25
2024-12-13,2024-12,Bank A,Equity,EUR,Buy,4756949.29,4.75694929,55553.26
2025-07-26,2025-07,Bank B,FX,GBP,Buy,1877549.02,1.87754902,5080.92
2025-01-02,2025-01,Bank B,Loan,GBP,Sell,4905377.07,4.90537707,79049.63
2025-03-22,2025-03,Bank D,Equity,GBP,Sell,913555.59,0.91355559,27996.22
2025-08-27,2025-08,Bank C,Equity,EUR,Sell,1665157.88,1.66515788,-81089.03
2025-02-25,2025-02,Bank C,FX,USD,Buy,1228852.41,1.22885241,70319.19
2025-02-04,2025-02,Bank C,Commodity,USD,Buy,628081.32,0.6280813199999999,9583.51
2024-10-24,2024-10,Bank D,FX,USD,Sell,3882775.06,3.88277506,-30878.8
2025-05-20,2025-05,Bank B,Equity,EUR,Sell,2329351.12,2.32935112,95249.5
2024-11-21,2024-11,Bank C,FX,EUR,Sell,1160490.25,1.16049025,-99340.0
2025-07-09,2025-07,Bank C,Equity,GBP,Sell,4352338.63,4.35233863,32978.81
2025-08-18,2025-08,Bank C,Loan,GBP,Buy,4679788.46,4.67978846,-67385.16
2025-07-09,2025-07,Bank A,FX,GBP,Buy,4676303.48,4.6763034800000005,-4908.6
2025-08-16,2025-08,Bank D,Equity,EUR,Buy,4477565.93,4.47756593,14881.24
2024-12-13,2024-12,Bank C,Loan,GBP,Buy,4535938.48,4.53593848,58923.59
2025-02-03,2025-02,Bank C,Loan,USD,Sell,4699587.28,4.69958728,-16525.12
2025-05-13,2025-05,Bank B,Loan,USD,Sell,4172245.46,4.17224546,77040.13
2025-02-24,2025-02,Bank A,Loan,GBP,Buy,2845476.25,2.84547625,13893.88
2025-02-09,2025-02,Bank A,Commodity,GBP,Sell,3018580.47,3.0185804700000003,-65884.04
2025-02-17,2025-02,Bank A,Loan,EUR,Sell,1871714.97,1.87171497,2794.15
2025-06-02,2025-06,Bank D,Loan,JPY,Sell,4159135.97,4.15913597,-75239.99
2025-07-03,2025-07,Bank B,Equity,USD,Sell,3198421.9,3.1984219,-92453.74
2024-10-13,2024-10,Bank D,Bond,JPY,Buy,452315.37,0.45231537,-46305.3
2025-08-31,2025-08,Bank B,Loan,EUR,Sell,1183815.23,1.18381523,-55542.27
2025-07-30,2025-07,Bank D,Loan,GBP,Buy,4924528.92,4.92452892,-77418.01
2025-02-18,2025-02,Bank C,Bond,USD,Sell,4212980.04,4.21298004,-47623.41
2025-01-21,2025-01,Bank B,Equity,EUR,Buy,2352326.56,2.35232656,-80583.01
2025-09-16,2025-09,Bank D,Equity,USD,Buy,3849196.25,3.84919625,-36573.74
2025-01-29,2025-01,Bank A,FX,JPY,Sell,4612122.63,4.61212263,-32813.55
2025-08-29,2025-08,Bank B,Equity,EUR,Sell,4502202.81,4.50220281,-90896.52
2025-06-11,2025-06,Bank D,Equity,JPY,Sell,184044.3,0.1840443,5287.36
2025-07-22,2025-07,Bank B,Equity,JPY,Sell,3401178.94,3.40117894,14359.99
2024-11-14,2024-11,Bank B,FX,GBP,Sell,1152698.66,1.15269866,16091.62
2024-11-03,2024-11,Bank B,FX,GBP,Buy,4232764.33,4.23276433,48813.42
2024-09-25,2024-09,Bank D,Loan,USD,Sell,2720659.53,2.72065953,57114.82
2025-02-07,2025-02,Bank B,Equity,USD,Sell,3518899.46,3.51889946,90585.55
2025-01-16,2025-01,Bank B,Commodity,EUR,Sell,4824625.03,4.82462503,87513.99
2025-07-22,2025-07,Bank B,Bond,USD,Sell,2268053.49,2.26805349,28799.24
2025-01-27,2025-01,Bank B,FX,USD,Buy,1072214.81,1.07221481,-46218.63
2025-03-10,2025-03,Bank D,Bond,EUR,Buy,1268015.25,1.26801525,-18174.52
2025-07-09,2025-07,Bank D,Loan,GBP,Sell,4169274.77,4.16927477,61190.5
2025-05-06,2025-05,Bank B,FX,GBP,Sell,472564.6,0.4725646,68195.07
2025-07-09,2025-07,Bank C,Loan,JPY,Buy,2947340.51,2.94734051,-84592.66
2025-01-10,2025-01,Bank D,Equity,GBP,Sell,3697417.93,3.69741793,-25361.74
2024-11-12,2024-11,Bank D,Equity,USD,Sell,1588468.38,1.58846838,-65577.23
2025-07-13,2025-07,Bank A,Loan,JPY,Sell,2202416.64,2.20241664,-98974.15
2025-09-04,2025-09,Bank B,Commodity,JPY,Buy,1450428.95,1.45042895,-90976.43
2025-05-17,2025-05,Bank A,Loan,GBP,Buy,4893449.79,4.89344979,-87182.63
2025-07-15,2025-07,Bank A,FX,JPY,Sell,2561971.05,2.56197105,3591.75
2024-10-14,2024-10,Bank D,Equity,USD,Sell,3234122.74,3.23412274,51113.45
2024-11-21,2024-11,Bank C,FX,USD,Sell,4992189.88,4.99218988,6169.49
2024-11-03,2024-11,Bank D,Bond,JPY,Buy,2116062.22,2.1160622200000003,18410.75
2025-09-12,2025-09,Bank D,Loan,EUR,Buy,955622.33,0.95562233,-98278.1
2025-03-21,2025-03,Bank C,Equity,USD,Sell,1204150.53,1.20415053,-40163.59
2025-02-01,2025-02,Bank B,Commodity,EUR,Buy,965366.53,0.96536653,63929.41
2024-12-18,2024-12,Bank A,Commodity,EUR,Buy,2150046.55,2.15004655,35113.32
2025-04-14,2025-04,Bank C,Loan,USD,Buy,2555802.16,2.5558021600000003,17221.96
2024-11-04,2024-11,Bank A,Commodity,USD,Sell,4042698.09,4.04269809,-19708.14
2025-08-06,2025-08,Bank A,FX,EUR,Sell,2041482.0,2.041482,-20745.74
2024-10-15,2024-10,Bank B,Equity,EUR,Buy,2157653.36,2.15765336,46005.3
2024-10-29,2024-10,Bank C,Bond,USD,Buy,4398964.54,4.39896454,-78954.0
2024-12-28,2024-12,Bank B,Loan,USD,Buy,1720524.23,1.72052423,2328.8
2025-03-06,2025-03,Bank A,Commodity,EUR,Buy,3311016.4,3.3110164,-29974.76
2025-02-20,2025-02,Bank A,Commodity,JPY,Sell,3614272.42,3.61427242,24698.0
2025-01-19,2025-01,Bank C,Bond,USD,Buy,2174788.42,2.17478842,26484.65
2024-10-05,2024-10,Bank C,Bond,GBP,Buy,4435307.67,4.43530767,74181.77
2024-12-05,2024-12,Bank C,Bond,USD,Buy,4602327.53,4.60232753,-83139.86
2025-01-18,2025-01,Bank C,Bond,JPY,Buy,4700393.72,4.70039372,-79366.94
2024-11-04,2024-11,Bank B,Commodity,JPY,Sell,1951481.6,1.9514816,98614.09
2025-02-20,2025-02,Bank B,FX,JPY,Buy,3619212.3,3.6192123,11165.06
2024-12-23,2024-12,Bank A,Bond,EUR,Sell,3671696.22,3.67169622,88015.01
2025-07-30,2025-07,Bank C,Commodity,USD,Sell,2902881.25,2.90288125,-13466.71
2024-10-17,2024-10,Bank B,Bond,JPY,Buy,2219370.21,2.21937021,-33518.75
2025-09-13,2025-09,Bank D,Commodity,EUR,Buy,1260027.72,1.26002772,85688.16
2024-11-28,2024-11,Bank A,FX,JPY,Sell,3969091.74,3.96909174,19434.8
2024-12-20,2024-12,Bank D,Equity,GBP,Sell,3425638.21,3.42563821,-55581.2
2025-04-26,2025-04,Bank D,Equity,GBP,Sell,203745.04,0.20374504,67777.16
2025-04-23,2025-04,Bank A,Equity,EUR,Sell,980703.32,0.98070332,-71174.19
2024-11-23,2024-11,Bank C,Loan,USD,Buy,3837294.45,3.83729445,27245.24
2025-09-06,2025-09,Bank A,Bond,EUR,Sell,1678476.06,1.6784760600000002,22640.58
2024-10-19,2024-10,Bank D,Commodity,EUR,Buy,233093.78,0.23309378,68670.42
2025-03-16,2025-03,Bank D,Commodity,GBP,Sell,1683967.22,1.68396722,4027.11
2024-12-14,2024-12,Bank D,Bond,JPY,Buy,4761892.26,4.76189226,-32117.23
2025-07-28,2025-07,Bank C,Loan,USD,Buy,4532483.7,4.5324837,55112.11
2024-10-09,2024-10,Bank D,FX,JPY,Sell,2773087.43,2.7730874300000004,73832.17
2025-07-29,2025-07,Bank C,Equity,USD,Buy,894009.3,0.8940093,50633.97
2024-12-12,2024-12,Bank B,Equity,EUR,Sell,2690340.3,2.6903403,-28132.3
2025-09-12,2025-09,Bank C,Bond,JPY,Sell,3371742.11,3.37174211,-42538.68
2025-04-02,2025-04,Bank C,Equity,GBP,Buy,4888340.92,4.88834092,12730.42
2025-07-21,2025-07,Bank B,Bond,EUR,Buy,3865652.76,3.86565276,86604.83
2024-12-01,2024-12,Bank A,Equity,EUR,Sell,2687279.39,2.68727939,-46438.43
2025-06-28,2025-06,Bank A,Equity,GBP,Sell,2813024.46,2.81302446,-59403.62
2025-07-11,2025-07,Bank A,FX,USD,Buy,2179130.36,2.17913036,92554.86
2025-03-04,2025-03,Bank D,FX,EUR,Buy,802831.86,0.80283186,-90838.62
2024-11-28,2024-11,Bank C,FX,JPY,Sell,248348.79,0.24834879,37769.69
2025-09-07,2025-09,Bank C,Bond,GBP,Buy,576652.65,0.57665265,97013.59
2024-10-18,2024-10,Bank B,FX,USD,Buy,495453.61,0.49545361,38092.45
2025-07-29,2025-07,Bank D,Bond,USD,Buy,817881.61,0.81788161,-73243.38
2024-09-20,2024-09,Bank B,Loan,USD,Buy,864179.61,0.86417961,-3938.71
2024-10-26,2024-10,Bank D,Equity,EUR,Buy,1470220.05,1.47022005,-17464.09
2024-10-05,2024-10,Bank B,Bond,USD,Buy,4466793.4,4.4667934,-94134.81
2025-03-03,2025-03,Bank A,FX,USD,Buy,252415.08,0.25241508,85774.46
2024-09-23,2024-09,Bank A,Equity,EUR,Buy,1540608.04,1.54060804,51987.54
2025-05-21,2025-05,Bank B,Loan,EUR,Buy,1187356.52,1.18735652,-43948.93
2025-07-30,2025-07,Bank D,Loan,USD,Buy,1738605.06,1.73860506,-99924.13
2025-08-30,2025-08,Bank C,FX,EUR,Buy,718392.23,0.71839223,7653.21
2025-06-29,2025-06,Bank C,Equity,GBP,Buy,4851250.34,4.85125034,7480.97
2025-05-25,2025-05,Bank D,Commodity,JPY,Sell,2500479.32,2.50047932,18987.87
2024-12-09,2024-12,Bank C,Commodity,USD,Buy,3561313.81,3.56131381,-83852.28
2025-08-29,2025-08,Bank D,Commodity,USD,Buy,1009229.27,1.00922927,-37447.42
2025-09-06,2025-09,Bank A,FX,GBP,Sell,4729833.53,4.7298335300000005,-15693.87
2025-07-09,2025-07,Bank D,Loan,GBP,Sell,3489515.21,3.48951521,-65391.11
2025-08-06,2025-08,Bank A,Bond,GBP,Sell,2834724.18,2.8347241800000003,-89317.79
2025-06-05,2025-06,Bank A,Loan,USD,Buy,4335957.73,4.3359577300000005,45179.41
2025-01-31,2025-01,Bank A,Commodity,EUR,Buy,1708859.61,1.7088596100000002,-79050.77
2025-06-16,2025-06,Bank B,Bond,USD,Sell,2167256.92,2.16725692,31630.14
2025-09-18,2025-09,Bank A,FX,USD,Sell,4715997.56,4.71599756,-5785.83
2025-01-20,2025-01,Bank D,Bond,JPY,Sell,295681.67,0.29568167,57797.98
2025-08-27,2025-08,Bank D,Bond,GBP,Sell,1716177.29,1.71617729,-20226.63
2024-10-03,2024-10,Bank A,Loan,GBP,Buy,690095.21,0.69009521,23659.17
2024-09-23,2024-09,Bank A,FX,JPY,Sell,634927.49,0.63492749,-15448.37
2025-08-25,2025-08,Bank D,Bond,USD,Sell,2771896.88,2.77189688,53468.84
2025-07-14,2025-07,Bank D,FX,GBP,Sell,1991497.1,1.9914971,-94292.59
2025-02-04,2025-02,Bank C,Bond,JPY,Sell,2240836.97,2.24083697,-58070.12
2025-02-02,2025-02,Bank D,Equity,USD,Sell,1780454.16,1.78045416,-61333.59
2024-12-21,2024-12,Bank C,Commodity,GBP,Sell,2220418.59,2.22041859,48465.48
2025-08-02,2025-08,Bank A,Bond,USD,Sell,1785725.38,1.78572538,-32662.2
2025-01-12,2025-01,Bank D,Bond,JPY,Sell,4019247.64,4.019247640000001,10331.54
2025-01-28,2025-01,Bank A,Bond,JPY,Buy,250439.55,0.25043955,-14795.52
2025-04-28,2025-04,Bank D,Commodity,USD,Sell,4462440.11,4.46244011,3376.5
2025-02-05,2025-02,Bank C,Equity,USD,Buy,886646.01,0.88664601,17271.71
2025-09-13,2025-09,Bank C,Bond,JPY,Sell,4454975.57,4.45497557,89392.23
2025-04-28,2025-04,Bank B,FX,USD,Buy,3504891.04,3.50489104,-6297.8
2024-11-30,2024-11,Bank B,Bond,USD,Sell,3854310.4,3.8543104,-45033.3
2025-06-14,2025-06,Bank C,Commodity,JPY,Sell,2061444.37,2.06144437,62740.77
2025-06-30,2025-06,Bank C,Equity,USD,Buy,3939587.9,3.9395879,62269.73
2025-01-25,2025-01,Bank C,Loan,GBP,Buy,4708406.45,4.70840645,45142.51
2025-06-12,2025-06,Bank D,Commodity,USD,Buy,3339078.07,3.33907807,63550.51
2025-07-24,2025-07,Bank C,Bond,JPY,Sell,3987997.02,3.98799702,-93111.84
2024-12-14,2024-12,Bank A,Loan,GBP,Sell,1278269.71,1.27826971,83298.51
2025-07-12,2025-07,Bank B,FX,EUR,Sell,3017838.99,3.0178389900000004,2242.56
2024-10-13,2024-10,Bank A,Equity,EUR,Sell,4986051.44,4.986051440000001,84346.75
2025-06-11,2025-06,Bank D,Bond,JPY,Buy,645538.69,0.64553869,50827.24
2025-04-05,2025-04,Bank B,Bond,USD,Buy,1672443.12,1.67244312,1646.99
2025-01-17,2025-01,Bank B,Commodity,GBP,Buy,2160779.99,2.1607799900000004,-32888.53
2025-03-23,2025-03,Bank D,Commodity,EUR,Sell,3351647.92,3.35164792,15869.48
2025-05-12,2025-05,Bank A,Bond,GBP,Buy,3487496.84,3.48749684,93481.21
2025-05-24,2025-05,Bank C,Bond,USD,Sell,2186714.47,2.18671447,41128.71
2025-07-17,2025-07,Bank D,Commodity,GBP,Buy,3918430.82,3.91843082,-6034.89
2025-05-07,2025-05,Bank A,FX,JPY,Buy,3145960.98,3.14596098,36971.52
2025-05-11,2025-05,Bank A,Loan,EUR,Sell,2382007.24,2.38200724,55797.23
2025-03-11,2025-03,Bank A,Commodity,JPY,Buy,949804.4,0.9498044,28075.81
2025-06-19,2025-06,Bank A,Equity,EUR,Buy,4692681.68,4.69268168,-42457.41
2025-04-02,2025-04,Bank D,FX,JPY,Buy,3120092.26,3.12009226,-48879.12
2024-09-21,2024-09,Bank C,Loan,USD,Buy,4660790.21,4.66079021,93568.63
2025-02-04,2025-02,Bank D,Loan,JPY,Buy,4435124.1,4.4351241,72.77
2024-09-24,2024-09,Bank A,FX,GBP,Buy,2223155.92,2.22315592,37709.81
2025-06-23,2025-06,Bank D,Bond,USD,Sell,1640190.47,1.64019047,72348.37
2024-11-10,2024-11,Bank B,Loan,GBP,Buy,2654799.87,2.65479987,-28798.5
2025-04-05,2025-04,Bank D,FX,EUR,Buy,2111127.05,2.11112705,87153.51
2025-06-04,2025-06,Bank A,Equity,JPY,Sell,4446660.42,4.44666042,-27083.87
2024-11-18,2024-11,Bank D,Commodity,USD,Buy,2859303.96,2.85930396,18951.95
2025-03-04,2025-03,Bank B,Bond,EUR,Buy,449516.59,0.44951659,57729.99
2025-05-05,2025-05,Bank D,FX,GBP,Sell,1858494.83,1.85849483,-58103.21
2024-09-20,2024-09,Bank D,Commodity,JPY,Sell,1195093.85,1.19509385,39873.22
2025-03-22,2025-03,Bank C,Equity,EUR,Sell,3503876.18,3.50387618,58006.25
2025-08-07,2025-08,Bank A,Bond,JPY,Sell,4714522.34,4.71452234,82131.02
2025-03-07,2025-03,Bank B,Equity,JPY,Sell,3424355.29,3.42435529,-60163.39
2024-12-21,2024-12,Bank C,Bond,GBP,Buy,680928.99,0.68092899,-9405.51
2024-10-09,2024-10,Bank A,Loan,JPY,Sell,2343608.67,2.34360867,78927.55
2025-07-17,2025-07,Bank B,Loan,JPY,Sell,4648747.64,4.64874764,31795.04
2025-02-09,2025-02,Bank B,Commodity,USD,Buy,4722910.52,4.722910519999999,-57232.64
2025-04-04,2025-04,Bank C,FX,JPY,Buy,1811952.97,1.81195297,904.2
2025-06-14,2025-06,Bank A,Commodity,EUR,Buy,2443737.98,2.44373798,97592.31
2024-12-26,2024-12,Bank C,Commodity,USD,Sell,2701341.19,2.70134119,-14906.08
2025-04-02,2025-04,Bank B,FX,USD,Buy,4532672.47,4.53267247,52340.4
2025-08-08,2025-08,Bank A,FX,GBP,Buy,4264654.41,4.26465441,-59203.24
2024-11-28,2024-11,Bank A,Commodity,EUR,Sell,2269956.98,2.26995698,7332.21
2025-04-10,2025-04,Bank C,Commodity,EUR,Sell,4468494.56,4.46849456,54584.58
2025-04-01,2025-04,Bank B,Bond,USD,Sell,431531.47,0.43153147,-43491.36
2024-11-27,2024-11,Bank D,Equity,GBP,Sell,2108640.54,2.10864054,48505.11
2024-12-06,2024-12,Bank D,FX,JPY,Sell,4431065.29,4.43106529,-57190.31
2025-02-21,2025-02,Bank C,Commodity,JPY,Sell,2774317.66,2.7743176600000004,62132.46
2024-11-28,2024-11,Bank C,Bond,USD,Buy,427271.96,0.42727196,-76984.63
2025-03-03,2025-03,Bank B,Loan,EUR,Buy,4881202.94,4.8812029400000005,99819.28
2024-11-29,2024-11,Bank C,Commodity,EUR,Sell,1243339.16,1.24333916,21556.7
2024-12-11,2024-12,Bank B,Loan,JPY,Buy,3603534.75,3.60353475,-36302.23
2025-03-25,2025-03,Bank C,Commodity,GBP,Sell,4805384.68,4.80538468,66867.79
2025-01-22,2025-01,Bank B,FX,GBP,Sell,4052479.49,4.0524794900000005,30728.02
2025-04-25,2025-04,Bank A,Loan,GBP,Buy,4235537.68,4.235537679999999,-6666.9
2025-02-22,2025-02,Bank C,Bond,JPY,Buy,2248321.27,2.24832127,47259.4
2025-05-05,2025-05,Bank C,Bond,JPY,Sell,1871903.27,1.87190327,98981.56
2025-03-07,2025-03,Bank C,FX,EUR,Sell,2328679.88,2.32867988,61945.27
2025-09-07,2025-09,Bank C,Bond,USD,Buy,2045184.02,2.04518402,-508.81
2025-05-10,2025-05,Bank C,Loan,JPY,Buy,2803700.14,2.80370014,6679.83
2024-10-08,2024-10,Bank A,Bond,EUR,Buy,3885301.84,3.88530184,-22283.63
2024-11-18,2024-11,Bank C,Bond,EUR,Sell,3382088.61,3.38208861,19224.78
2025-02-27,2025-02,Bank A,Bond,EUR,Buy,1749734.61,1.7497346100000002,-5328.94
2025-06-01,2025-06,Bank D,Equity,EUR,Sell,1127329.84,1.12732984,-804.71
2025-08-31,2025-08,Bank A,Equity,GBP,Buy,1674452.22,1.67445222,11814.47
2024-10-29,2024-10,Bank B,FX,GBP,Buy,1850340.81,1.85034081,36975.17
2025-01-17,2025-01,Bank A,Bond,USD,Sell,4920693.54,4.92069354,88818.73
2025-04-04,2025-04,Bank D,Loan,USD,Sell,4432117.46,4.43211746,51908.54
2025-01-29,2025-01,Bank D,Equity,USD,Sell,121936.43,0.12193643,-62189.22
2025-05-02,2025-05,Bank D,Bond,USD,Buy,451944.6,0.4519446,-26213.8
2025-04-13,2025-04,Bank D,Equity,EUR,Buy,4369364.71,4.36936471,-10995.11
2025-02-04,2025-02,Bank C,Bond,EUR,Buy,3418730.84,3.41873084,-26067.36
2024-10-02,2024-10,Bank A,Bond,USD,Sell,2471592.34,2.47159234,50202.33
2025-01-22,2025-01,Bank D,Commodity,GBP,Sell,1240018.11,1.24001811,88438.52
2025-02-06,2025-02,Bank C,Bond,JPY,Buy,2447205.39,2.44720539,13536.38
2025-04-20,2025-04,Bank B,Loan,GBP,Sell,835411.02,0.83541102,-22736.53
2025-08-26,2025-08,Bank D,Loan,EUR,Buy,3838689.03,3.83868903,-66359.66
2025-08-06,2025-08,Bank C,Loan,USD,Buy,1549502.97,1.54950297,-91964.3
2024-09-22,2024-09,Bank D,Bond,EUR,Buy,209826.08,0.20982608,-89013.27
2025-01-12,2025-01,Bank C,Equity,USD,Sell,377465.69,0.37746569,-9256.89
2025-05-13,2025-05,Bank B,FX,JPY,Sell,802116.54,0.80211654,50686.02
2025-01-11,2025-01,Bank D,Commodity,JPY,Sell,1206225.6,1.2062256,-96633.31
2025-02-08,2025-02,Bank C,Commodity,USD,Sell,4145943.1,4.1459431,-81457.67
2025-05-06,2025-05,Bank B,Bond,USD,Buy,1632063.05,1.63206305,61604.72
2025-02-01,2025-02,Bank A,FX,USD,Sell,362339.43,0.36233943,91459.83
2025-01-25,2025-01,Bank A,Commodity,USD,Sell,755470.99,0.75547099,-22168.4
2025-03-07,2025-03,Bank C,Loan,EUR,Buy,3491053.19,3.49105319,-79175.81
2024-12-11,2024-12,Bank C,Commodity,USD,Sell,1521058.14,1.5210581399999998,-20069.12
2025-02-12,2025-02,Bank B,Loan,USD,Sell,2927604.65,2.92760465,-94582.75
2025-08-08,2025-08,Bank A,Loan,EUR,Buy,3335667.5,3.3356675,-42533.61
2025-06-09,2025-06,Bank B,Loan,GBP,Buy,4594117.24,4.59411724,-9539.27
2024-11-24,2024-11,Bank C,FX,JPY,Buy,1102354.92,1.10235492,58067.69
2025-03-27,2025-03,Bank C,FX,EUR,Buy,2289404.53,2.28940453,27116.59
2025-03-15,2025-03,Bank B,Loan,USD,Sell,687760.33,0.6877603299999999,86867.77
2025-04-24,2025-04,Bank B,FX,EUR,Sell,4574646.77,4.574646769999999,62504.25
2025-01-15,2025-01,Bank B,Bond,USD,Buy,2331509.76,2.33150976,-10085.82
2025-05-23,2025-05,Bank C,Equity,EUR,Buy,451691.02,0.45169102,-76000.74
2025-06-30,2025-06,Bank A,Loan,EUR,Buy,4994215.92,4.99421592,70359.49
2025-05-02,2025-05,Bank B,Bond,JPY,Sell,1500682.55,1.50068255,-19245.85
2025-06-05,2025-06,Bank C,FX,JPY,Sell,1791032.7,1.7910327,22932.26
2024-11-13,2024-11,Bank A,Loan,GBP,Sell,2053417.33,2.0534173300000003,50459.91
2025-07-02,2025-07,Bank B,Bond,GBP,Sell,2245545.76,2.24554576,-54543.51
2024-12-23,2024-12,Bank D,Commodity,USD,Buy,4308765.62,4.30876562,35243.66
2025-03-05,2025-03,Bank A,FX,JPY,Buy,3751111.87,3.75111187,-21825.51
2024-12-10,2024-12,Bank B,Loan,USD,Buy,946108.89,0.94610889,23614.78
2025-09-03,2025-09,Bank D,Loan,GBP,Buy,2372843.68,2.3728436800000003,89906.15
2025-05-04,2025-05,Bank C,Bond,JPY,Sell,264689.38,0.26468938,9016.78
2025-06-21,2025-06,Bank A,Equity,GBP,Sell,3082938.92,3.08293892,86596.26
2024-12-10,2024-12,Bank A,Loan,JPY,Sell,3149215.18,3.14921518,-18273.5
2024-11-30,2024-11,Bank C,Equity,USD,Buy,3133699.73,3.13369973,53953.56
2024-11-10,2024-11,Bank D,Loan,EUR,Buy,2435119.67,2.43511967,26635.58
2025-07-10,2025-07,Bank A,Equity,USD,Buy,314334.22,0.31433422,-80905.66
2025-05-21,2025-05,Bank B,Loan,USD,Buy,2670502.59,2.67050259,45344.27
2025-08-02,2025-08,Bank B,Loan,USD,Sell,211356.84,0.21135684,-64656.71
2025-08-05,2025-08,Bank D,Loan,USD,Buy,242652.18,0.24265218,-42122.23
2025-05-20,2025-05,Bank A,Loan,USD,Buy,289682.4,0.2896824,47864.8
2025-03-26,2025-03,Bank D,Bond,JPY,Sell,2843764.81,2.84376481,-95629.62
2025-08-20,2025-08,Bank C,Equity,JPY,Sell,3311460.43,3.3114604300000003,-55748.64
2025-08-04,2025-08,Bank C,Bond,GBP,Buy,1005677.76,1.00567776,-90265.02
2025-01-30,2025-01,Bank D,Equity,USD,Sell,4667106.63,4.66710663,-998.15
2025-02-24,2025-02,Bank C,Bond,EUR,Sell,4790831.24,4.79083124,48343.52
2024-10-30,2024-10,Bank D,FX,JPY,Buy,2000459.05,2.00045905,-92208.67
2025-04-02,2025-04,Bank A,Commodity,GBP,Buy,1488210.32,1.48821032,-76306.64
2024-10-24,2024-10,Bank D,FX,JPY,Sell,2433769.71,2.43376971,92715.03
2025-04-12,2025-04,Bank C,Bond,GBP,Sell,3925683.44,3.92568344,-24458.0
2024-12-12,2024-12,Bank C,Bond,GBP,Sell,414317.6,0.4143175999999999,-83294.25
2025-06-25,2025-06,Bank D,FX,EUR,Buy,1155988.43,1.1559884299999998,28317.73
2025-02-22,2025-02,Bank C,Loan,JPY,Buy,2120926.8,2.1209268,66157.94
2024-12-30,2024-12,Bank B,Commodity,GBP,Sell,2431611.19,2.43161119,11369.3
2024-10-10,2024-10,Bank B,Equity,EUR,Buy,4991146.66,4.99114666,-9133.54
2025-05-26,2025-05,Bank B,Commodity,EUR,Sell,1794911.52,1.79491152,-25179.08
2024-12-05,2024-12,Bank D,Bond,EUR,Buy,2167825.83,2.16782583,-32601.68
2025-04-04,2025-04,Bank A,FX,USD,Buy,1880761.2,1.8807612,-22338.64
2025-01-06,2025-01,Bank D,Equity,JPY,Buy,763110.53,0.7631105300000001,27165.92
2025-07-30,2025-07,Bank C,Loan,JPY,Sell,3263138.86,3.26313886,82798.03
2025-03-08,2025-03,Bank B,Commodity,JPY,Sell,2898118.11,2.89811811,62171.69
2025-07-09,2025-07,Bank C,Bond,JPY,Sell,4891391.99,4.89139199,-66575.68
2025-03-03,2025-03,Bank C,Equity,EUR,Sell,3437648.65,3.43764865,12265.24
2025-05-26,2025-05,Bank C,Loan,USD,Sell,4496512.96,4.49651296,59858.63
2025-03-29,2025-03,Bank A,Bond,JPY,Sell,1379383.98,1.37938398,-49130.2
2024-12-28,2024-12,Bank B,Bond,USD,Sell,1288248.03,1.28824803,61723.32
2025-07-25,2025-07,Bank C,Commodity,USD,Buy,3557065.07,3.55706507,45676.31
2025-03-25,2025-03,Bank B,Commodity,EUR,Sell,1005078.04,1.00507804,-27056.49
2025-04-15,2025-04,Bank B,Commodity,GBP,Buy,3893647.63,3.89364763,60975.48
2025-05-07,2025-05,Bank A,FX,JPY,Buy,4474793.59,4.47479359,61816.9
2025-03-24,2025-03,Bank D,Bond,GBP,Buy,4884165.25,4.88416525,-65039.62
2025-06-29,2025-06,Bank B,Loan,GBP,Buy,2919870.89,2.9198708900000003,-90769.76
2025-04-23,2025-04,Bank B,Bond,GBP,Sell,3287013.88,3.28701388,-64956.81
2025-04-14,2025-04,Bank B,Loan,GBP,Buy,2539676.93,2.53967693,94762.62
2025-07-31,2025-07,Bank C,Equity,USD,Sell,3189558.45,3.1895584500000003,-10970.0
2025-08-31,2025-08,Bank C,Commodity,USD,Buy,3013700.96,3.01370096,21759.72
2025-07-09,2025-07,Bank B,FX,USD,Buy,1814708.35,1.81470835,-2525.36
2024-09-22,2024-09,Bank D,Equity,GBP,Buy,1356277.1,1.3562771,-84897.02
2025-05-12,2025-05,Bank D,Loan,EUR,Sell,4039545.75,4.03954575,-36622.36
2024-10-13,2024-10,Bank B,Loan,JPY,Sell,2129795.21,2.12979521,46433.19
2025-09-01,2025-09,Bank D,FX,USD,Buy,3164874.62,3.16487462,-45384.67
2024-10-03,2024-10,Bank D,FX,GBP,Buy,2580278.95,2.5802789500000003,-82969.24
2025-07-30,2025-07,Bank B,Bond,GBP,Buy,999173.93,0.99917393,-9607.78
2025-07-01,2025-07,Bank B,Loan,JPY,Buy,1261043.27,1.26104327,99680.78
2024-09-29,2024-09,Bank B,Commodity,JPY,Sell,4810299.61,4.81029961,65016.38
2025-07-19,2025-07,Bank B,Commodity,JPY,Buy,1015729.24,1.01572924,18112.29
2024-12-20,2024-12,Bank C,Bond,EUR,Buy,987860.62,0.98786062,75527.41
2024-12-26,2024-12,Bank A,Equity,USD,Buy,225106.12,0.22510612,6309.93
2025-03-28,2025-03,Bank B,Bond,EUR,Buy,2024097.16,2.02409716,59911.37
2025-07-20,2025-07,Bank C,Bond,GBP,Sell,3531195.56,3.53119556,-97982.94
2025-09-08,2025-09,Bank C,FX,EUR,Buy,1103227.5,1.1032275,1395.91
2025-09-14,2025-09,Bank C,Commodity,JPY,Sell,3260256.21,3.26025621,11699.29
2024-12-21,2024-12,Bank C,FX,EUR,Buy,1886671.93,1.88667193,-84057.79
2025-04-17,2025-04,Bank A,FX,GBP,Sell,3652045.62,3.65204562,96836.29
2025-06-21,2025-06,Bank B,Commodity,JPY,Buy,3654517.97,3.65451797,92466.44
2025-02-18,2025-02,Bank D,Loan,JPY,Buy,3634433.36,3.63443336,63656.53
2025-05-31,2025-05,Bank A,Bond,USD,Sell,4166112.57,4.16611257,-46625.34
2025-07-29,2025-07,Bank C,FX,JPY,Sell,3095467.3,3.0954673,31311.81
2025-08-18,2025-08,Bank B,Equity,GBP,Buy,1063867.65,1.06386765,-58102.2
2025-01-26,2025-01,Bank D,Commodity,USD,Sell,3440570.18,3.4405701800000004,-99418.79
2024-11-01,2024-11,Bank D,Loan,EUR,Sell,3758078.8,3.7580788,83986.67
2025-09-06,2025-09,Bank B,Commodity,JPY,Sell,4858187.64,4.85818764,-70623.31
2024-11-13,2024-11,Bank C,Equity,GBP,Sell,4028284.01,4.02828401,89745.31
2025-05-29,2025-05,Bank D,Equity,GBP,Buy,2534557.8,2.5345578,78633.59
2025-08-21,2025-08,Bank B,Bond,JPY,Buy,2865735.27,2.86573527,-5437.12
2025-04-25,2025-04,Bank D,Equity,USD,Sell,4123605.12,4.12360512,-92489.81
2025-03-23,2025-03,Bank C,Equity,JPY,Buy,3404928.35,3.40492835,40563.48
2025-08-05,2025-08,Bank D,Loan,EUR,Buy,1876995.62,1.87699562,-13726.12
2024-10-13,2024-10,Bank B,Commodity,JPY,Sell,1345253.12,1.3452531200000002,32604.47
2025-01-05,2025-01,Bank D,Commodity,JPY,Sell,4118866.24,4.11886624,94984.64
2025-01-05,2025-01,Bank B,Commodity,USD,Sell,2944802.37,2.94480237,61224.55
2025-01-29,2025-01,Bank C,Commodity,GBP,Sell,2007104.12,2.00710412,-1898.13
2024-09-26,2024-09,Bank B,Equity,USD,Sell,3806085.8,3.8060858,70640.38
2025-07-18,2025-07,Bank C,FX,GBP,Buy,1838904.99,1.83890499,-80458.06
2025-02-05,2025-02,Bank D,FX,JPY,Buy,2864284.03,2.86428403,88573.25
2025-06-04,2025-06,Bank B,Bond,USD,Buy,4272387.24,4.2723872400000005,-30980.04
2025-07-13,2025-07,Bank B,Commodity,USD,Buy,1174474.03,1.17447403,-80501.87
2025-02-27,2025-02,Bank B,Commodity,JPY,Sell,2274815.98,2.27481598,85401.53
2024-11-21,2024-11,Bank A,Bond,EUR,Buy,813988.09,0.8139880899999999,-81018.09
2024-11-30,2024-11,Bank C,FX,EUR,Sell,1748815.96,1.74881596,82221.27
2024-12-16,2024-12,Bank A,Bond,EUR,Sell,316892.2,0.3168922,-31497.91
2025-06-10,2025-06,Bank D,FX,EUR,Sell,4381142.75,4.38114275,16758.27
2025-08-26,2025-08,Bank A,Commodity,EUR,Sell,3012393.66,3.0123936600000003,26815.12
2025-01-19,2025-01,Bank B,FX,USD,Sell,4025332.59,4.02533259,37538.1
2024-09-21,2024-09,Bank A,Loan,USD,Sell,4175929.65,4.17592965,22341.32
2024-10-04,2024-10,Bank C,Loan,EUR,Sell,2466336.41,2.4663364100000003,65278.85
2025-05-26,2025-05,Bank A,Commodity,GBP,Sell,3848709.31,3.84870931,91019.63
2024-11-17,2024-11,Bank C,Equity,EUR,Sell,3315398.17,3.31539817,-34960.23
2025-04-10,2025-04,Bank C,Commodity,USD,Sell,3715467.54,3.71546754,-48276.18
2025-09-12,2025-09,Bank C,Loan,GBP,Buy,4851098.95,4.85109895,91371.42
2025-02-05,2025-02,Bank D,Bond,JPY,Sell,4000778.15,4.00077815,-74786.22
2025-05-13,2025-05,Bank A,FX,USD,Sell,2530375.24,2.53037524,41922.06
2025-02-17,2025-02,Bank C,Equity,GBP,Buy,1197785.44,1.19778544,-25244.17
2024-12-21,2024-12,Bank A,Equity,USD,Sell,3678179.85,3.67817985,69740.7
2025-02-22,2025-02,Bank D,Bond,GBP,Buy,3640781.47,3.64078147,-47833.65
2025-09-04,2025-09,Bank C,Loan,EUR,Sell,1928073.76,1.92807376,70017.13
2025-07-26,2025-07,Bank D,Loan,GBP,Sell,2091902.56,2.09190256,-66904.86
2025-02-14,2025-02,Bank C,Loan,JPY,Sell,3959012.88,3.95901288,-41317.23
2025-01-22,2025-01,Bank C,Loan,JPY,Sell,3970983.46,3.97098346,80539.87
2025-06-23,2025-06,Bank A,Loan,JPY,Sell,3175235.16,3.17523516,-58653.82
2025-07-10,2025-07,Bank B,FX,EUR,Buy,939959.68,0.93995968,37527.46
2024-12-20,2024-12,Bank D,Equity,GBP,Buy,3461972.64,3.46197264,65689.03
