trade_id,counterparty,asset_class,currency,trade_type,trade_date,notional,pnl,notional_mn,year,month
924197,Bank A,Commodity,GBP,Buy,2025-03-01,932741.69,-48276.54,0.93274169,2025,3
562958,Bank D,Commodity,USD,Buy,2024-10-30,2795362.51,-65718.81,2.79536251,2024,10
381632,Bank D,Bond,GBP,Buy,2025-06-09,2967671.74,27033.72,2.96767174,2025,6
363028,Bank A,Equity,JPY,Buy,2025-08-17,1249439.88,-71907.64,1.24943988,2025,8
176588,Bank C,FX,GBP,Sell,2025-05-11,1013777.61,27712.91,1.01377761,2025,5
360610,Bank A,FX,GBP,Sell,2024-11-02,4171413.81,-97646.02,4.17141381,2024,11
313802,Bank D,Loan,USD,Buy,2025-08-07,3269891.39,-12494.57,3.26989139,2025,8
938521,Bank D,Bond,JPY,Sell,2025-03-07,2817659.71,6461.36,2.81765971,2025,3
328815,Bank D,Commodity,JPY,Sell,2025-02-25,3842457.44,-3341.55,3.84245744,2025,2
674253,Bank B,Bond,JPY,Buy,2024-12-14,2691365.31,-17071.09,2.69136531,2024,12
547239,Bank A,Loan,EUR,Sell,2024-11-26,1609313.96,-42710.93,1.60931396,2024,11
492904,Bank D,FX,JPY,Sell,2024-11-05,1140694.78,79388.64,1.14069478,2024,11
140937,Bank D,Commodity,JPY,Sell,2025-07-04,4990259.04,70767.25,4.99025904,2025,7
512461,Bank A,Bond,EUR,Buy,2025-05-21,4850045.85,-24186.74,4.85004585,2025,5
307937,Bank A,FX,GBP,Buy,2025-07-26,1766948.03,-88038.52,1.76694803,2025,7
187821,Bank A,Commodity,JPY,Sell,2025-09-19,4194509.6,80577.86,4.1945096,2025,9
736402,Bank D,Equity,GBP,Buy,2025-02-14,4652786.13,96417.99,4.65278613,2025,2
781209,Bank C,Commodity,EUR,Buy,2025-05-08,3887410.44,71072.73,3.88741044,2025,5
720230,Bank B,Loan,EUR,Sell,2025-04-19,1907385.94,98965.82,1.90738594,2025,4
912391,Bank A,FX,JPY,Buy,2025-01-17,3248170.07,88112.92,3.24817007,2025,1
118675,Bank D,Loan,JPY,Buy,2025-06-03,3386569.42,-94879.67,3.38656942,2025,6
302361,Bank B,FX,EUR,Buy,2024-10-08,3474877.32,-33096.89,3.47487732,2024,10
853594,Bank A,Commodity,EUR,Buy,2024-11-10,3498699.42,-80666.49,3.49869942,2024,11
522606,Bank A,Commodity,EUR,Sell,2025-03-22,390735.04,-28768.48,0.39073504,2025,3
690831,Bank C,FX,JPY,Sell,2025-05-11,1292924.48,-45161.96,1.29292448,2025,5
640867,Bank A,Equity,EUR,Buy,2025-02-02,3054078.6,-41279.31,3.0540786,2025,2
301108,Bank D,FX,EUR,Sell,2025-03-12,2355223.39,67183.8,2.35522339,2025,3
165878,Bank C,FX,EUR,Buy,2024-10-09,819530.36,67758.26,0.81953036,2024,10
405144,Bank D,FX,EUR,Buy,2025-01-26,2605889.36,14241.6,2.60588936,2025,1
461301,Bank A,Equity,USD,Buy,2025-05-16,2565449.75,-27739.71,2.56544975,2025,5
490754,Bank C,Loan,EUR,Buy,2024-10-16,4983720.4,24910.28,4.9837204,2024,10
908857,Bank B,Equity,JPY,Buy,2025-06-12,3711774.77,-67481.31,3.71177477,2025,6
426751,Bank A,Commodity,EUR,Sell,2024-10-01,1848191.14,-50993.59,1.84819114,2024,10
397949,Bank C,Commodity,JPY,Buy,2024-11-26,1086649.96,65469.97,1.08664996,2024,11
225295,Bank B,FX,JPY,Buy,2024-10-19,3664894.78,-12740.63,3.6648947799999996,2024,10
664709,Bank A,Bond,USD,Sell,2025-08-16,2790671.4,81816.79,2.7906714,2025,8
544683,Bank B,Commodity,EUR,Sell,2025-08-01,4619680.3,53484.54,4.6196803,2025,8
102475,Bank A,Loan,USD,Buy,2024-10-24,1099981.8,56376.39,1.0999818000000001,2024,10
873824,Bank B,FX,EUR,Buy,2025-04-15,385694.08,60016.11,0.38569408,2025,4
225284,Bank B,FX,USD,Buy,2025-06-24,1695096.6,-40304.24,1.6950966,2025,6
733216,Bank D,FX,JPY,Buy,2025-02-02,3584141.66,-95106.09,3.5841416600000002,2025,2
823236,Bank B,Equity,JPY,Buy,2025-04-28,2898646.72,-12504.3,2.8986467200000003,2025,4
781546,Bank D,Loan,GBP,Sell,2024-10-19,2242971.04,-93357.68,2.24297104,2024,10
142237,Bank B,Loan,EUR,Buy,2025-02-18,3927177.88,43747.11,3.92717788,2025,2
435649,Bank A,Bond,GBP,Sell,2025-06-27,3818805.9,78441.28,3.8188059,2025,6
647640,Bank B,Bond,USD,Sell,2025-07-03,2984402.88,46306.7,2.9844028799999998,2025,7
750415,Bank D,Commodity,USD,Sell,2024-12-25,4192862.96,-60884.04,4.19286296,2024,12
273148,Bank B,Commodity,USD,Sell,2024-10-12,744758.8,30617.36,0.7447588,2024,10
434982,Bank D,Loan,EUR,Buy,2025-04-06,4428744.82,-94806.08,4.42874482,2025,4
642667,Bank C,Commodity,JPY,Sell,2025-05-31,1928754.62,-53131.73,1.92875462,2025,5
346901,Bank A,Bond,GBP,Sell,2025-04-12,2320740.93,-17659.86,2.3207409300000004,2025,4
340644,Bank A,Bond,EUR,Buy,2025-05-25,4978993.62,57575.76,4.97899362,2025,5
332361,Bank A,Commodity,USD,Sell,2025-01-22,2650708.67,20214.06,2.6507086699999998,2025,1
191947,Bank A,FX,EUR,Sell,2025-02-04,3212528.75,87792.22,3.21252875,2025,2
374452,Bank C,Loan,GBP,Sell,2024-12-06,3045209.53,4310.95,3.0452095299999997,2024,12
976203,Bank D,Commodity,GBP,Sell,2025-09-18,2875321.19,-5613.71,2.8753211899999997,2025,9
911575,Bank B,FX,EUR,Buy,2025-08-24,3113469.49,-185.04,3.1134694900000004,2025,8
120373,Bank B,Loan,USD,Sell,2025-08-14,3174280.13,-22119.74,3.17428013,2025,8
627694,Bank D,Commodity,EUR,Buy,2024-10-06,4685202.64,-15316.12,4.68520264,2024,10
285598,Bank A,Bond,EUR,Sell,2025-03-07,2117207.3,-42065.54,2.1172073,2025,3
845842,Bank C,FX,GBP,Buy,2024-12-29,4084361.93,53824.1,4.08436193,2024,12
106146,Bank A,Equity,JPY,Buy,2025-08-24,1224377.83,-75752.93,1.2243778300000001,2025,8
184650,Bank A,FX,GBP,Buy,2025-02-14,1618770.56,-23545.43,1.61877056,2025,2
127697,Bank D,Loan,USD,Buy,2024-11-25,3378041.88,69374.87,3.37804188,2024,11
741733,Bank A,Commodity,EUR,Sell,2024-10-27,2771656.69,-99002.09,2.77165669,2024,10
342503,Bank B,Equity,JPY,Sell,2025-07-28,836315.02,-17871.41,0.83631502,2025,7
796365,Bank C,Equity,USD,Buy,2025-03-17,2821259.4,5433.14,2.8212593999999998,2025,3
523106,Bank A,Commodity,GBP,Buy,2024-11-24,1140344.48,-53456.91,1.14034448,2024,11
363598,Bank C,Equity,JPY,Sell,2025-02-16,325886.59,-93224.13,0.32588659000000003,2025,2
726144,Bank C,Loan,GBP,Buy,2024-12-24,4506660.2,32965.55,4.5066602,2024,12
918710,Bank D,Equity,JPY,Sell,2025-02-23,4285571.5,-58489.82,4.2855715,2025,2
957570,Bank D,Commodity,USD,Sell,2024-10-20,1482410.35,-12076.89,1.48241035,2024,10
695822,Bank D,Loan,GBP,Buy,2024-11-30,4338827.23,30243.27,4.338827230000001,2024,11
749920,Bank C,Commodity,USD,Sell,2025-01-12,1273847.24,-35231.95,1.27384724,2025,1
875260,Bank B,Loan,GBP,Sell,2025-04-05,1039046.85,-22258.12,1.03904685,2025,4
525664,Bank B,Bond,GBP,Buy,2025-08-01,3516642.06,60939.51,3.51664206,2025,8
638387,Bank C,Commodity,JPY,Sell,2025-05-12,2401564.02,47818.09,2.40156402,2025,5
459569,Bank D,FX,GBP,Sell,2025-06-06,3512840.23,-89695.73,3.51284023,2025,6
437427,Bank B,Equity,USD,Sell,2024-10-16,2638473.56,54056.74,2.63847356,2024,10
521681,Bank A,Bond,GBP,Sell,2024-11-06,3200981.97,-2177.49,3.2009819700000004,2024,11
790154,Bank D,Loan,JPY,Sell,2025-06-12,219398.09,-2117.31,0.21939809,2025,6
532741,Bank D,Commodity,EUR,Sell,2025-03-27,1127579.04,5241.91,1.12757904,2025,3
688573,Bank C,Equity,JPY,Buy,2025-02-20,1780639.62,43455.05,1.78063962,2025,2
941400,Bank B,Equity,JPY,Buy,2025-06-03,3402050.82,-6423.46,3.40205082,2025,6
665978,Bank A,Loan,EUR,Buy,2025-07-11,286391.96,-70405.92,0.28639196,2025,7
219406,Bank B,Loan,EUR,Buy,2025-03-24,4708916.73,46844.65,4.70891673,2025,3
957297,Bank A,Loan,EUR,Buy,2025-04-13,4561832.89,30218.03,4.56183289,2025,4
211347,Bank A,Bond,EUR,Sell,2025-08-21,2230095.96,87708.88,2.23009596,2025,8
693875,Bank B,FX,JPY,Buy,2025-05-04,4412889.31,51637.6,4.41288931,2025,5
841384,Bank D,Bond,JPY,Buy,2024-11-17,3190733.2,-84113.71,3.1907332000000004,2024,11
482841,Bank C,Loan,EUR,Sell,2025-09-03,2150460.67,2156.29,2.1504606699999997,2025,9
273308,Bank D,FX,EUR,Buy,2024-10-25,2753531.97,92980.22,2.75353197,2024,10
423471,Bank D,Loan,USD,Sell,2024-11-02,2929408.73,-73776.0,2.92940873,2024,11
832368,Bank C,Bond,JPY,Sell,2025-08-29,1344826.87,77677.54,1.3448268700000001,2025,8
842595,Bank A,Equity,GBP,Sell,2025-01-14,3593031.75,82677.82,3.59303175,2025,1
110406,Bank B,FX,GBP,Sell,2025-04-26,1605814.78,94159.77,1.60581478,2025,4
136888,Bank D,Loan,EUR,Buy,2025-02-18,2511358.98,24139.0,2.51135898,2025,2
126546,Bank C,Bond,USD,Sell,2025-09-16,4840720.88,-93614.48,4.84072088,2025,9
866450,Bank C,Equity,JPY,Sell,2025-01-09,1968243.63,-98109.05,1.96824363,2025,1
125280,Bank D,Equity,EUR,Sell,2025-08-27,2679422.74,-60618.39,2.67942274,2025,8
510757,Bank A,Bond,JPY,Sell,2024-12-11,1147863.22,24889.59,1.14786322,2024,12
284063,Bank B,Loan,EUR,Buy,2025-06-25,4289793.51,-2689.99,4.28979351,2025,6
278362,Bank D,FX,USD,Sell,2025-05-16,1436154.1,-54146.55,1.4361541,2025,5
862525,Bank B,Loan,GBP,Sell,2025-08-21,3756008.88,34096.44,3.75600888,2025,8
440865,Bank A,Bond,GBP,Sell,2025-03-09,4242884.44,99883.35,4.24288444,2025,3
141729,Bank C,Loan,EUR,Buy,2024-10-01,4031804.78,80557.18,4.03180478,2024,10
220192,Bank C,Loan,EUR,Sell,2025-02-06,863013.12,-98661.77,0.86301312,2025,2
885202,Bank D,Commodity,JPY,Sell,2025-04-24,2062013.48,-66103.9,2.06201348,2025,4
538136,Bank C,Commodity,JPY,Buy,2024-09-23,2177089.06,-19625.01,2.17708906,2024,9
167072,Bank D,Equity,JPY,Sell,2025-04-18,3421302.48,-96495.43,3.42130248,2025,4
994983,Bank D,FX,JPY,Sell,2025-06-20,999318.19,-10546.09,0.99931819,2025,6
669175,Bank B,Loan,JPY,Sell,2025-07-07,874254.85,79156.06,0.87425485,2025,7
392618,Bank D,Commodity,EUR,Sell,2024-09-25,3418757.54,-55136.3,3.41875754,2024,9
489089,Bank B,Equity,JPY,Sell,2024-11-16,3845342.19,-6846.15,3.8453421899999998,2024,11
527742,Bank C,Loan,GBP,Buy,2024-12-22,4428986.81,-27287.71,4.42898681,2024,12
890309,Bank B,Commodity,JPY,Sell,2025-02-07,214658.61,78558.82,0.21465861,2025,2
516875,Bank C,Commodity,GBP,Buy,2025-02-08,3372308.19,-16586.03,3.37230819,2025,2
443269,Bank A,FX,USD,Sell,2025-03-11,3970158.45,39832.79,3.97015845,2025,3
707848,Bank A,Commodity,USD,Sell,2024-11-02,4299781.06,17385.85,4.29978106,2024,11
221412,Bank A,Commodity,JPY,Buy,2024-11-24,1971778.04,-9271.77,1.97177804,2024,11
388002,Bank A,Loan,GBP,Buy,2025-05-29,1338055.74,5174.88,1.33805574,2025,5
112765,Bank D,FX,GBP,Sell,2025-04-01,252919.71,-41603.98,0.25291970999999996,2025,4
343764,Bank C,Loan,GBP,Sell,2025-06-17,3648436.69,6658.55,3.64843669,2025,6
464060,Bank C,Equity,USD,Buy,2024-10-22,4549550.95,50060.92,4.54955095,2024,10
910932,Bank A,Bond,JPY,Buy,2024-12-11,4749731.05,-55375.21,4.749731049999999,2024,12
986803,Bank A,FX,JPY,Buy,2025-08-02,3915791.25,-55866.56,3.91579125,2025,8
357070,Bank A,FX,GBP,Buy,2025-02-06,1949392.9,4572.13,1.9493928999999999,2025,2
823563,Bank B,Loan,EUR,Buy,2025-03-06,3156024.81,48270.67,3.15602481,2025,3
555576,Bank D,Loan,USD,Sell,2025-08-10,2293778.91,-61019.75,2.2937789100000003,2025,8
606263,Bank A,Commodity,USD,Sell,2025-04-28,3140411.31,-66838.58,3.14041131,2025,4
549427,Bank D,FX,EUR,Buy,2025-03-25,130337.88,1639.74,0.13033788000000002,2025,3
503012,Bank D,Commodity,USD,Buy,2025-03-13,4703736.02,-53347.47,4.703736019999999,2025,3
781581,Bank B,FX,USD,Sell,2024-12-27,1205091.03,-40659.06,1.20509103,2024,12
354993,Bank C,Loan,GBP,Sell,2025-09-10,1069988.89,9550.93,1.0699888899999999,2025,9
773663,Bank B,FX,GBP,Buy,2024-11-18,2652238.13,-92009.36,2.6522381299999997,2024,11
899690,Bank D,FX,GBP,Buy,2025-04-08,2469120.35,34539.93,2.4691203500000003,2025,4
183720,Bank A,Commodity,EUR,Buy,2025-08-29,3029531.04,32457.67,3.02953104,2025,8
646843,Bank A,Commodity,USD,Sell,2025-02-07,2289747.55,-17931.82,2.28974755,2025,2
161769,Bank D,Equity,USD,Buy,2024-10-05,921501.23,-29295.11,0.92150123,2024,10
753483,Bank A,Commodity,JPY,Buy,2025-04-10,4100792.72,-59811.59,4.10079272,2025,4
454854,Bank D,Commodity,GBP,Sell,2025-01-30,2122766.32,60029.45,2.1227663199999998,2025,1
496323,Bank B,FX,GBP,Buy,2024-12-16,2570965.92,86918.88,2.57096592,2024,12
721692,Bank D,Equity,EUR,Sell,2025-07-30,4639760.1,18268.52,4.639760099999999,2025,7
562418,Bank B,Equity,JPY,Buy,2025-01-06,4190952.65,-28484.05,4.19095265,2025,1
166701,Bank C,Loan,JPY,Buy,2025-07-11,2907027.27,79942.96,2.90702727,2025,7
919601,Bank B,Bond,EUR,Sell,2024-12-21,4389790.36,89823.98,4.38979036,2024,12
648138,Bank C,FX,JPY,Buy,2025-01-24,547806.27,2118.63,0.54780627,2025,1
547839,Bank A,Equity,GBP,Buy,2025-05-29,4547864.06,63650.17,4.547864059999999,2025,5
332762,Bank B,Equity,JPY,Buy,2025-07-05,4612898.07,33922.06,4.61289807,2025,7
304794,Bank C,Equity,JPY,Buy,2024-12-28,3264689.31,-80771.43,3.26468931,2024,12
981087,Bank C,Commodity,EUR,Sell,2024-11-06,4512566.73,12339.15,4.5125667300000005,2024,11
246201,Bank A,Equity,USD,Sell,2025-04-29,2125927.39,-50234.82,2.12592739,2025,4
493092,Bank B,Commodity,USD,Buy,2024-12-19,1224244.35,-42232.25,1.2242443500000002,2024,12
192453,Bank A,Bond,USD,Buy,2025-07-05,618145.31,24854.95,0.6181453100000001,2025,7
176521,Bank D,FX,EUR,Buy,2025-02-09,3231145.03,90441.17,3.23114503,2025,2
381705,Bank C,Bond,GBP,Buy,2024-11-02,4965768.76,-77921.99,4.96576876,2024,11
968744,Bank B,Commodity,GBP,Sell,2025-03-04,182508.2,27528.38,0.1825082,2025,3
431096,Bank D,Equity,EUR,Sell,2025-07-08,1373716.44,19018.0,1.37371644,2025,7
731213,Bank D,FX,USD,Buy,2024-09-25,214745.81,-31850.06,0.21474581,2024,9
394867,Bank B,FX,EUR,Sell,2025-08-28,4892960.2,45718.11,4.8929602,2025,8
724144,Bank D,Bond,EUR,Sell,2025-03-10,1342977.5,60851.17,1.3429775,2025,3
839473,Bank C,FX,JPY,Buy,2025-07-20,2770697.18,72195.59,2.77069718,2025,7
978433,Bank B,Loan,USD,Sell,2025-01-01,4672502.56,162.19,4.67250256,2025,1
357833,Bank B,Equity,EUR,Buy,2024-12-24,336473.6,4714.52,0.3364736,2024,12
178476,Bank C,Bond,GBP,Buy,2024-09-22,3033464.74,-47936.9,3.0334647400000003,2024,9
265756,Bank D,Equity,JPY,Sell,2024-10-31,106865.11,-57982.42,0.10686511,2024,10
921884,Bank B,FX,USD,Buy,2025-03-27,3667289.21,38727.23,3.66728921,2025,3
623248,Bank B,Loan,EUR,Buy,2024-11-25,2042104.7,-76404.7,2.0421047,2024,11
415959,Bank A,Equity,JPY,Sell,2025-07-19,2832698.0,-90676.7,2.832698,2025,7
328532,Bank A,Bond,GBP,Sell,2025-05-23,3289713.58,96743.36,3.28971358,2025,5
520198,Bank A,Loan,USD,Buy,2025-03-12,2486859.19,-56531.16,2.48685919,2025,3
771452,Bank A,FX,EUR,Sell,2025-08-16,3372996.22,35381.74,3.37299622,2025,8
370507,Bank D,Equity,USD,Sell,2025-09-11,629256.41,60658.41,0.62925641,2025,9
959182,Bank B,Commodity,JPY,Sell,2025-05-10,3118458.25,-83452.55,3.11845825,2025,5
455782,Bank B,Bond,JPY,Sell,2025-07-28,986619.48,6547.73,0.98661948,2025,7
350032,Bank C,Equity,EUR,Sell,2025-05-08,4071879.36,42365.75,4.07187936,2025,5
638021,Bank D,Commodity,USD,Buy,2024-10-15,2103256.09,-72537.06,2.10325609,2024,10
335732,Bank C,Commodity,USD,Sell,2025-08-02,4172263.94,82826.64,4.17226394,2025,8
681619,Bank C,Equity,JPY,Sell,2025-04-29,4025288.17,-32012.6,4.02528817,2025,4
684170,Bank C,Commodity,JPY,Sell,2024-11-07,2515909.7,88649.76,2.5159097000000004,2024,11
757216,Bank C,Loan,EUR,Sell,2025-03-13,2190089.51,-70747.88,2.19008951,2025,3
302426,Bank B,Bond,GBP,Sell,2025-05-03,1468421.75,76965.98,1.46842175,2025,5
193195,Bank B,Loan,JPY,Buy,2024-11-19,537956.19,23404.34,0.53795619,2024,11
325640,Bank D,Equity,JPY,Buy,2024-11-28,274750.65,14989.77,0.27475065000000004,2024,11
703269,Bank D,FX,USD,Buy,2025-04-20,3054406.38,6922.43,3.05440638,2025,4
445958,Bank A,Bond,EUR,Buy,2025-07-14,4613343.36,-12482.67,4.61334336,2025,7
750586,Bank C,Bond,JPY,Sell,2024-12-12,239910.09,14936.79,0.23991009,2024,12
742673,Bank A,FX,EUR,Sell,2025-05-08,106142.81,79704.24,0.10614281,2025,5
542389,Bank D,Commodity,GBP,Buy,2024-10-02,1710809.98,80252.54,1.71080998,2024,10
766398,Bank B,Commodity,USD,Buy,2025-01-22,1402296.76,-2865.02,1.40229676,2025,1
246651,Bank A,FX,JPY,Buy,2025-03-10,1428562.51,-45839.94,1.4285625100000001,2025,3
847482,Bank A,Bond,GBP,Buy,2024-12-25,1749945.89,79120.67,1.74994589,2024,12
848469,Bank D,Bond,EUR,Sell,2025-05-17,4959383.07,-27517.77,4.95938307,2025,5
368754,Bank A,Bond,USD,Buy,2025-01-04,2594669.38,73298.14,2.59466938,2025,1
225009,Bank B,FX,GBP,Buy,2025-01-15,4345715.05,78636.9,4.34571505,2025,1
942532,Bank D,Bond,USD,Buy,2025-01-04,2655580.1,2380.61,2.6555801,2025,1
560657,Bank B,Commodity,USD,Sell,2025-06-09,2429374.84,-74591.71,2.42937484,2025,6
882939,Bank A,FX,GBP,Sell,2025-06-27,475581.8,50216.0,0.4755818,2025,6
960784,Bank B,Loan,GBP,Buy,2024-10-05,1675763.15,-83003.89,1.6757631499999999,2024,10
883545,Bank A,Loan,EUR,Buy,2025-02-02,3106130.36,87432.5,3.10613036,2025,2
626883,Bank B,Equity,JPY,Sell,2025-01-07,1456540.07,90880.14,1.45654007,2025,1
239917,Bank B,Equity,JPY,Sell,2025-07-10,3129957.49,74954.03,3.1299574900000002,2025,7
376515,Bank C,FX,JPY,Buy,2025-02-25,1664703.3,-55820.68,1.6647033,2025,2
984678,Bank C,Bond,JPY,Sell,2025-01-11,3289123.81,-72454.39,3.28912381,2025,1
606888,Bank D,Loan,GBP,Sell,2025-02-18,3471979.05,-76929.6,3.47197905,2025,2
794486,Bank D,Equity,EUR,Buy,2025-06-20,4985179.5,56653.87,4.9851795,2025,6
859857,Bank D,Bond,JPY,Buy,2025-05-27,2409548.56,69472.15,2.40954856,2025,5
145419,Bank D,Bond,USD,Buy,2025-08-16,654619.76,-77276.69,0.65461976,2025,8
582393,Bank C,FX,USD,Buy,2024-12-29,1394704.26,45231.11,1.39470426,2024,12
608483,Bank B,Loan,JPY,Buy,2025-03-30,3943942.69,37522.06,3.94394269,2025,3
270269,Bank D,Bond,JPY,Buy,2025-05-06,3635622.53,-26009.88,3.6356225299999996,2025,5
700634,Bank D,Equity,USD,Sell,2025-04-07,3689978.44,-83263.43,3.68997844,2025,4
723573,Bank B,FX,GBP,Buy,2025-09-09,2782506.86,-9960.17,2.78250686,2025,9
891092,Bank A,Bond,EUR,Sell,2025-09-01,4575300.97,31077.17,4.57530097,2025,9
805775,Bank A,Loan,GBP,Buy,2025-01-20,2932187.89,-57575.37,2.9321878900000002,2025,1
891930,Bank C,Loan,USD,Buy,2025-03-17,1941337.78,-69897.92,1.94133778,2025,3
373069,Bank C,Commodity,GBP,Sell,2025-07-19,1654764.15,-26777.47,1.6547641499999999,2025,7
142537,Bank D,Loan,JPY,Buy,2025-03-18,3718844.77,85444.71,3.71884477,2025,3
715531,Bank C,Commodity,GBP,Sell,2025-04-25,1478082.6,455.03,1.4780826,2025,4
539820,Bank A,FX,GBP,Sell,2024-11-03,1202804.12,-2416.1,1.2028041200000001,2024,11
960168,Bank B,FX,EUR,Sell,2025-02-23,3021088.29,68888.06,3.0210882900000002,2025,2
901983,Bank B,Equity,JPY,Buy,2025-04-30,4621557.6,33073.72,4.6215576,2025,4
243838,Bank A,Bond,USD,Sell,2024-11-07,4290894.24,27027.46,4.29089424,2024,11
858198,Bank D,Loan,EUR,Buy,2025-04-27,2299096.41,8156.32,2.29909641,2025,4
332057,Bank C,FX,USD,Buy,2025-05-08,2920163.37,12091.51,2.92016337,2025,5
359108,Bank A,Loan,EUR,Sell,2025-08-29,3541286.61,-56637.5,3.54128661,2025,8
806515,Bank B,Commodity,EUR,Buy,2025-01-20,1279236.29,94057.83,1.27923629,2025,1
442950,Bank C,Equity,JPY,Buy,2025-08-01,3572765.28,63053.88,3.5727652799999996,2025,8
310181,Bank C,Commodity,JPY,Sell,2025-07-14,2529810.67,-82992.94,2.52981067,2025,7
982329,Bank C,Equity,EUR,Sell,2025-02-18,2592306.0,87809.52,2.592306,2025,2
772288,Bank B,Commodity,EUR,Buy,2025-02-20,2790913.42,-13156.79,2.79091342,2025,2
197599,Bank B,Equity,GBP,Buy,2024-12-17,4780564.4,-85944.43,4.7805644,2024,12
594403,Bank D,Equity,JPY,Buy,2025-04-09,4471839.53,68908.56,4.4718395300000005,2025,4
958338,Bank A,Commodity,JPY,Sell,2025-06-16,4235517.39,-28433.05,4.23551739,2025,6
304849,Bank A,Bond,JPY,Buy,2025-03-03,2415844.69,-34970.02,2.41584469,2025,3
332189,Bank B,Commodity,USD,Buy,2025-06-05,1696603.43,48245.75,1.69660343,2025,6
959122,Bank A,FX,GBP,Sell,2025-05-15,1454627.73,-68409.18,1.45462773,2025,5
524726,Bank D,Loan,GBP,Sell,2025-02-04,3189392.05,-72753.06,3.18939205,2025,2
217105,Bank C,Commodity,GBP,Sell,2024-11-19,4674025.64,75004.73,4.67402564,2024,11
466940,Bank A,Equity,JPY,Buy,2024-10-02,1178858.72,26831.04,1.17885872,2024,10
286919,Bank B,FX,EUR,Sell,2025-07-23,4163451.53,2228.68,4.16345153,2025,7
464366,Bank A,FX,USD,Buy,2024-10-12,1531635.37,-83170.19,1.53163537,2024,10
866257,Bank B,FX,USD,Buy,2025-02-11,3410941.43,-44122.97,3.4109414300000003,2025,2
918807,Bank D,Equity,GBP,Buy,2025-02-07,2618410.71,-6529.61,2.61841071,2025,2
702347,Bank D,Equity,EUR,Buy,2025-02-04,1720719.92,18526.17,1.7207199199999998,2025,2
329091,Bank B,Bond,USD,Sell,2025-02-11,1118886.44,-3822.79,1.11888644,2025,2
718191,Bank A,Commodity,GBP,Buy,2025-03-30,3561322.92,-90969.03,3.56132292,2025,3
563052,Bank B,Commodity,EUR,Buy,2025-06-06,1939149.42,78453.38,1.93914942,2025,6
169397,Bank C,FX,JPY,Sell,2025-02-10,173435.02,72670.91,0.17343502,2025,2
539725,Bank B,Bond,USD,Buy,2024-12-23,648741.99,-53253.27,0.64874199,2024,12
628668,Bank D,Bond,USD,Buy,2025-07-20,3195839.61,25735.49,3.1958396099999997,2025,7
304850,Bank D,FX,GBP,Buy,2025-05-17,457184.76,-33668.12,0.45718476,2025,5
716509,Bank D,FX,EUR,Sell,2024-09-23,3395344.9,73862.41,3.3953449,2024,9
620456,Bank A,FX,EUR,Sell,2024-11-08,495799.4,-60847.19,0.4957994,2024,11
968810,Bank D,Bond,JPY,Buy,2025-01-31,3074552.81,-44883.94,3.07455281,2025,1
880473,Bank D,Equity,USD,Buy,2024-11-20,1427306.13,17558.59,1.4273061299999998,2024,11
498067,Bank D,Bond,EUR,Buy,2025-05-23,2639750.16,93574.62,2.63975016,2025,5
898189,Bank D,Loan,GBP,Buy,2024-09-29,967834.2,-63495.7,0.9678342,2024,9
223412,Bank D,Commodity,USD,Sell,2025-07-16,3795109.2,-27350.47,3.7951092,2025,7
545952,Bank B,Commodity,GBP,Buy,2025-08-22,1799081.82,74113.92,1.79908182,2025,8
199234,Bank C,Commodity,JPY,Sell,2025-07-09,3044645.66,12549.2,3.04464566,2025,7
363227,Bank B,Bond,GBP,Sell,2025-06-20,975291.25,86830.66,0.97529125,2025,6
894429,Bank A,Loan,USD,Buy,2025-08-11,2862057.89,95728.34,2.86205789,2025,8
597505,Bank C,Equity,GBP,Buy,2024-11-24,3276850.27,62614.63,3.27685027,2024,11
924543,Bank B,FX,EUR,Buy,2025-06-13,3139536.83,95646.41,3.13953683,2025,6
927372,Bank D,Bond,JPY,Sell,2025-06-01,1391411.61,90017.01,1.39141161,2025,6
346238,Bank C,Loan,GBP,Sell,2024-11-25,1734444.81,77590.19,1.73444481,2024,11
531175,Bank B,FX,EUR,Buy,2025-08-06,966217.79,54667.01,0.9662177900000001,2025,8
633917,Bank D,Bond,JPY,Buy,2025-08-23,350272.89,31148.99,0.35027289,2025,8
573360,Bank B,Bond,USD,Buy,2025-09-12,2043910.72,-23581.7,2.04391072,2025,9
102023,Bank D,Commodity,EUR,Buy,2024-12-07,3925737.85,-92146.92,3.92573785,2024,12
630171,Bank A,FX,USD,Buy,2025-02-16,232759.88,-44178.61,0.23275988,2025,2
215883,Bank A,Commodity,USD,Buy,2025-02-22,2100827.72,82411.56,2.1008277200000003,2025,2
211282,Bank D,Equity,JPY,Sell,2025-03-13,3162296.17,-73834.79,3.16229617,2025,3
938941,Bank A,Equity,EUR,Buy,2024-10-15,4477506.11,60094.16,4.47750611,2024,10
145270,Bank D,Equity,GBP,Buy,2025-01-25,3988217.0,-94447.46,3.988217,2025,1
923809,Bank B,Equity,GBP,Sell,2025-06-03,4753725.83,-77088.43,4.7537258300000005,2025,6
351676,Bank B,Equity,JPY,Sell,2025-04-15,623516.86,-34085.26,0.62351686,2025,4
309143,Bank C,FX,EUR,Buy,2025-07-01,1718876.06,-40012.69,1.7188760600000001,2025,7
278450,Bank D,Loan,JPY,Buy,2025-07-29,3116842.21,7200.93,3.11684221,2025,7
716300,Bank D,Loan,USD,Buy,2025-03-08,2862462.23,-61611.82,2.8624622299999998,2025,3
545759,Bank D,Loan,USD,Buy,2025-08-04,357552.83,-28117.99,0.35755283000000004,2025,8
120400,Bank B,Loan,JPY,Buy,2025-05-09,1037032.98,-42450.05,1.03703298,2025,5
730556,Bank C,Bond,GBP,Buy,2024-12-28,3596682.06,35205.01,3.59668206,2024,12
945168,Bank D,Commodity,EUR,Sell,2025-09-07,1476587.3,-23360.65,1.4765873,2025,9
943393,Bank A,Loan,JPY,Sell,2025-04-01,650701.92,97442.19,0.65070192,2025,4
510987,Bank C,Bond,GBP,Sell,2025-03-05,750183.47,4568.55,0.75018347,2025,3
113126,Bank C,FX,EUR,Buy,2025-08-22,2042492.29,-2606.2,2.04249229,2025,8
992416,Bank A,FX,GBP,Buy,2024-12-16,1094090.39,29858.27,1.0940903899999999,2024,12
550379,Bank C,Bond,JPY,Buy,2025-07-18,4376099.87,-68746.35,4.37609987,2025,7
106403,Bank D,Loan,JPY,Sell,2025-03-09,3714736.43,667.57,3.7147364300000003,2025,3
425661,Bank A,Commodity,USD,Sell,2024-09-29,3733175.44,-83768.93,3.73317544,2024,9
142347,Bank C,Commodity,GBP,Buy,2025-04-04,1676260.55,-52900.23,1.67626055,2025,4
966334,Bank B,FX,JPY,Sell,2025-08-23,1848546.5,68433.88,1.8485465,2025,8
517213,Bank B,Loan,USD,Buy,2025-04-18,4328443.34,-7089.86,4.32844334,2025,4
712216,Bank B,FX,USD,Buy,2025-06-11,4345018.67,-17568.43,4.34501867,2025,6
865307,Bank A,Commodity,JPY,Sell,2025-03-30,1188054.98,-50544.57,1.18805498,2025,3
107171,Bank D,Bond,EUR,Sell,2024-11-08,4974657.99,63184.63,4.97465799,2024,11
206328,Bank D,Equity,GBP,Sell,2025-05-12,3111249.95,24343.33,3.1112499500000004,2025,5
327694,Bank A,FX,USD,Buy,2024-09-22,4486052.26,73419.96,4.48605226,2024,9
137895,Bank A,FX,JPY,Buy,2025-04-18,3084166.61,-98878.15,3.08416661,2025,4
950421,Bank D,Loan,GBP,Buy,2024-11-09,2291619.12,-38308.39,2.29161912,2024,11
681576,Bank C,FX,JPY,Sell,2025-09-11,2357176.88,19812.86,2.35717688,2025,9
860481,Bank B,Commodity,GBP,Sell,2025-05-23,3964512.64,6452.43,3.96451264,2025,5
565165,Bank B,Bond,USD,Sell,2024-10-09,399745.61,-92160.43,0.39974561,2024,10
809235,Bank D,Commodity,USD,Sell,2025-04-01,3880690.74,-44270.72,3.8806907400000004,2025,4
859253,Bank C,Bond,GBP,Sell,2025-05-21,3575434.47,-11804.09,3.5754344700000003,2025,5
631998,Bank B,FX,EUR,Sell,2025-08-02,3659939.58,15532.43,3.65993958,2025,8
326547,Bank B,Loan,EUR,Buy,2024-09-23,533079.7,6239.97,0.5330796999999999,2024,9
423125,Bank C,Equity,GBP,Sell,2024-11-12,1363647.98,-19517.54,1.3636479799999999,2024,11
724414,Bank D,Bond,EUR,Sell,2025-07-06,4090378.88,28096.26,4.09037888,2025,7
679337,Bank B,Equity,GBP,Buy,2024-12-10,2794874.06,-2411.22,2.79487406,2024,12
185131,Bank A,FX,USD,Buy,2024-10-08,3731556.56,-51989.0,3.73155656,2024,10
492774,Bank B,Loan,EUR,Buy,2025-07-04,2550806.98,-55127.41,2.55080698,2025,7
725418,Bank A,Commodity,USD,Buy,2025-07-10,2763801.5,-88044.58,2.7638015,2025,7
573022,Bank B,Loan,USD,Buy,2024-11-04,2963554.38,-36881.96,2.9635543799999997,2024,11
467418,Bank B,Bond,GBP,Sell,2025-02-10,2212168.56,-69696.77,2.21216856,2025,2
660209,Bank D,Loan,USD,Buy,2024-10-28,4799012.29,-25052.33,4.79901229,2024,10
616728,Bank B,Loan,EUR,Buy,2025-08-21,3542919.6,96022.61,3.5429196000000003,2025,8
231918,Bank B,Equity,USD,Sell,2025-08-08,1567509.16,28956.76,1.56750916,2025,8
656919,Bank B,FX,GBP,Sell,2024-12-10,4375830.81,-19264.17,4.375830809999999,2024,12
831142,Bank C,Commodity,USD,Buy,2024-10-10,608542.61,-40840.61,0.60854261,2024,10
781385,Bank A,Commodity,EUR,Buy,2025-08-04,4343831.37,-40225.03,4.34383137,2025,8
101688,Bank A,Loan,JPY,Buy,2025-01-21,3587735.66,64679.5,3.5877356600000003,2025,1
489801,Bank B,Equity,EUR,Buy,2025-08-06,4663575.21,-62579.93,4.66357521,2025,8
733490,Bank A,FX,JPY,Buy,2025-08-29,4454740.71,-27645.29,4.45474071,2025,8
886180,Bank D,Loan,USD,Sell,2025-09-03,1696496.5,13552.01,1.6964965,2025,9
215714,Bank B,Equity,JPY,Buy,2025-03-20,2670288.75,-36857.18,2.67028875,2025,3
731612,Bank C,Equity,GBP,Sell,2025-01-13,1927124.93,-85865.1,1.92712493,2025,1
350668,Bank B,Loan,GBP,Buy,2024-10-26,4096052.96,-23894.5,4.09605296,2024,10
278072,Bank D,Commodity,EUR,Buy,2025-05-26,4246237.97,90591.58,4.24623797,2025,5
267090,Bank B,Loan,JPY,Buy,2024-12-12,1967508.19,-30025.57,1.96750819,2024,12
839134,Bank A,Equity,JPY,Buy,2025-05-24,3810089.06,-81163.22,3.81008906,2025,5
921341,Bank A,FX,JPY,Buy,2025-07-10,3335196.71,97803.08,3.33519671,2025,7
186222,Bank A,Commodity,EUR,Sell,2025-02-21,216686.56,-48559.39,0.21668656,2025,2
102106,Bank D,Commodity,USD,Sell,2025-02-11,1447720.88,44807.64,1.4477208799999999,2025,2
263426,Bank D,FX,JPY,Sell,2025-09-02,903672.63,-5944.94,0.90367263,2025,9
312414,Bank A,Loan,EUR,Sell,2025-07-25,4203207.93,-16493.38,4.20320793,2025,7
812713,Bank C,Bond,USD,Sell,2025-05-29,4417785.89,53452.15,4.417785889999999,2025,5
362339,Bank D,Equity,GBP,Buy,2025-01-27,4543347.48,66985.04,4.54334748,2025,1
342889,Bank C,Equity,USD,Sell,2025-05-14,191978.05,81761.99,0.19197804999999998,2025,5
748756,Bank A,Equity,USD,Buy,2024-11-20,2971482.7,-22305.82,2.9714827,2024,11
738327,Bank C,FX,USD,Sell,2024-10-13,343203.76,25418.07,0.34320376,2024,10
991109,Bank B,Equity,GBP,Buy,2024-12-13,4888770.48,62248.63,4.888770480000001,2024,12
975413,Bank A,Equity,GBP,Buy,2025-03-11,1565276.83,-30562.34,1.5652768300000002,2025,3
783804,Bank C,Commodity,EUR,Buy,2025-05-05,4429102.35,-37333.45,4.42910235,2025,5
130676,Bank D,Equity,EUR,Buy,2025-09-13,3307181.78,-32603.94,3.3071817799999996,2025,9
932942,Bank B,Commodity,GBP,Buy,2024-10-07,4787149.77,-24777.14,4.787149769999999,2024,10
703047,Bank B,Loan,EUR,Sell,2024-12-20,4522503.43,-79597.57,4.5225034299999995,2024,12
599038,Bank D,FX,JPY,Sell,2025-06-11,300584.04,-13847.01,0.30058404,2025,6
918904,Bank B,FX,EUR,Buy,2024-10-15,216398.91,70964.4,0.21639891,2024,10
313071,Bank C,Commodity,JPY,Sell,2024-10-11,1742488.01,64538.48,1.74248801,2024,10
882208,Bank A,Commodity,JPY,Sell,2024-12-06,876439.41,44878.37,0.87643941,2024,12
206043,Bank C,Bond,USD,Buy,2025-02-02,775216.01,-94888.27,0.77521601,2025,2
870797,Bank B,Commodity,JPY,Buy,2025-08-25,4010052.34,23687.17,4.01005234,2025,8
534660,Bank B,Loan,EUR,Sell,2025-07-28,4513282.08,-21928.82,4.51328208,2025,7
650695,Bank B,Bond,JPY,Sell,2025-09-01,4256432.48,-3846.57,4.256432480000001,2025,9
829002,Bank A,Loan,USD,Sell,2025-04-26,3347223.26,-29067.48,3.34722326,2025,4
464362,Bank A,Commodity,JPY,Sell,2024-10-04,690056.56,73386.48,0.69005656,2024,10
110773,Bank D,Equity,JPY,Buy,2025-08-27,2479836.12,-11086.12,2.4798361200000003,2025,8
985973,Bank B,Equity,USD,Buy,2025-09-11,3052933.4,93803.72,3.0529333999999997,2025,9
965973,Bank D,Commodity,GBP,Buy,2025-01-26,3325053.9,-81418.16,3.3250539,2025,1
844547,Bank C,FX,USD,Buy,2024-12-11,4151433.44,42307.22,4.15143344,2024,12
278745,Bank B,Equity,EUR,Buy,2025-03-01,4476633.03,-66151.9,4.47663303,2025,3
304408,Bank C,Loan,JPY,Sell,2025-01-26,2570283.78,-62063.48,2.5702837799999996,2025,1
389547,Bank B,Equity,JPY,Sell,2025-08-16,1675168.1,86097.48,1.6751681,2025,8
109347,Bank D,FX,EUR,Buy,2025-02-17,2424649.96,-16073.82,2.42464996,2025,2
907196,Bank C,Bond,JPY,Buy,2025-07-15,4245759.68,43537.84,4.24575968,2025,7
969466,Bank A,Equity,EUR,Sell,2025-06-30,4894654.17,-13889.89,4.89465417,2025,6
991288,Bank D,Commodity,USD,Sell,2025-09-07,2557066.24,-69717.55,2.55706624,2025,9
321588,Bank B,Commodity,JPY,Sell,2025-09-02,2452873.89,47244.66,2.4528738900000002,2025,9
487532,Bank A,Loan,EUR,Sell,2024-09-22,1458849.41,-28472.41,1.45884941,2024,9
413424,Bank D,Bond,USD,Sell,2025-01-22,771169.92,76041.51,0.7711699200000001,2025,1
568764,Bank B,Equity,USD,Sell,2025-03-25,1112714.97,14541.77,1.11271497,2025,3
177411,Bank A,Loan,USD,Sell,2024-12-29,3789754.4,60409.59,3.7897544,2024,12
192141,Bank C,Equity,EUR,Buy,2025-08-06,1612945.84,-3416.84,1.61294584,2025,8
857288,Bank A,FX,GBP,Sell,2025-05-18,1847413.75,-39408.27,1.84741375,2025,5
405344,Bank C,FX,USD,Sell,2024-09-25,3548665.9,13443.8,3.5486659,2024,9
394899,Bank C,Equity,USD,Sell,2025-04-25,1717352.08,-27969.26,1.7173520800000002,2025,4
617300,Bank D,Loan,USD,Buy,2024-10-09,1262540.03,34217.04,1.26254003,2024,10
533753,Bank D,Loan,JPY,Sell,2025-02-05,4319070.07,-21367.41,4.31907007,2025,2
204417,Bank C,Bond,JPY,Buy,2025-04-09,4936392.36,27414.29,4.93639236,2025,4
813261,Bank A,Equity,GBP,Buy,2025-08-30,4492026.51,-98748.63,4.49202651,2025,8
974651,Bank C,FX,USD,Sell,2025-09-17,3438185.19,21595.42,3.43818519,2025,9
183571,Bank D,Commodity,JPY,Sell,2024-11-04,4764520.02,48940.29,4.76452002,2024,11
717805,Bank C,Equity,JPY,Sell,2025-05-16,1301163.34,-68244.93,1.30116334,2025,5
346636,Bank C,FX,GBP,Buy,2024-10-17,3012351.13,4758.2,3.01235113,2024,10
449192,Bank D,Loan,USD,Sell,2024-12-22,2105593.46,-49997.45,2.10559346,2024,12
258311,Bank C,Loan,EUR,Sell,2025-03-05,2779183.55,3952.17,2.77918355,2025,3
768390,Bank D,FX,GBP,Sell,2024-12-09,599305.08,-66787.34,0.5993050799999999,2024,12
918901,Bank A,Bond,JPY,Sell,2025-04-30,2668152.37,-57058.49,2.66815237,2025,4
496915,Bank D,FX,USD,Buy,2024-11-28,982614.3,-44587.51,0.9826143,2024,11
802344,Bank A,FX,JPY,Buy,2024-11-26,4119723.51,83888.21,4.11972351,2024,11
662879,Bank D,FX,JPY,Sell,2024-09-20,1010097.8,-84848.98,1.0100978,2024,9
576134,Bank B,Bond,JPY,Buy,2025-03-15,3634948.97,-40631.5,3.6349489700000004,2025,3
273042,Bank B,Bond,USD,Buy,2025-07-24,222497.25,-9842.57,0.22249725,2025,7
618056,Bank C,FX,GBP,Sell,2024-11-26,1525653.5,-70887.69,1.5256535,2024,11
544582,Bank C,Commodity,GBP,Sell,2025-03-07,893379.54,-64442.38,0.8933795400000001,2025,3
912442,Bank D,Loan,EUR,Sell,2025-02-19,705246.07,-16720.78,0.70524607,2025,2
279414,Bank A,Loan,USD,Buy,2025-04-08,3190153.0,26993.01,3.190153,2025,4
528226,Bank B,Loan,GBP,Buy,2024-12-06,3866424.72,34473.58,3.8664247200000004,2024,12
245284,Bank D,Commodity,EUR,Buy,2024-12-03,3631938.42,549.25,3.63193842,2024,12
218381,Bank C,Loan,JPY,Buy,2025-07-20,4430901.92,-45140.53,4.43090192,2025,7
770348,Bank D,Bond,GBP,Sell,2024-09-25,3375921.89,-27916.0,3.3759218900000003,2024,9
861689,Bank A,Bond,EUR,Buy,2025-08-13,4192404.99,44833.36,4.19240499,2025,8
262641,Bank A,Commodity,USD,Buy,2025-03-25,2117977.25,-28224.71,2.11797725,2025,3
222328,Bank B,FX,JPY,Buy,2025-09-15,4673936.16,-88330.91,4.67393616,2025,9
985037,Bank A,Equity,GBP,Sell,2025-08-06,2972565.89,-66362.33,2.9725658900000003,2025,8
654523,Bank D,Bond,JPY,Sell,2024-10-09,858204.67,-87653.57,0.85820467,2024,10
510893,Bank D,Bond,GBP,Buy,2024-11-07,2399458.52,-24702.62,2.39945852,2024,11
132874,Bank B,FX,EUR,Buy,2025-08-09,444907.07,-51361.97,0.44490707,2025,8
481010,Bank B,Loan,JPY,Sell,2025-01-09,2485585.26,-26943.38,2.4855852599999997,2025,1
434764,Bank A,Equity,EUR,Buy,2025-07-24,181312.48,57241.0,0.18131248,2025,7
843873,Bank D,Commodity,JPY,Buy,2025-06-05,3289539.67,-43496.91,3.28953967,2025,6
408448,Bank D,Loan,EUR,Buy,2025-09-17,1856044.02,-3994.25,1.8560440200000001,2025,9
545031,Bank B,FX,EUR,Buy,2025-02-15,813110.95,77037.62,0.81311095,2025,2
553059,Bank A,FX,GBP,Sell,2024-12-14,3252744.11,-53871.44,3.25274411,2024,12
339643,Bank D,Equity,GBP,Sell,2024-10-02,116364.39,44119.23,0.11636439,2024,10
977008,Bank C,Bond,EUR,Buy,2025-05-05,2976958.35,93083.94,2.9769583500000003,2025,5
266813,Bank B,Commodity,GBP,Buy,2025-03-17,1872905.26,-81528.68,1.87290526,2025,3
531554,Bank A,FX,EUR,Sell,2025-08-09,1739983.39,-53582.21,1.73998339,2025,8
846270,Bank B,Equity,JPY,Sell,2025-07-05,4160764.11,33307.15,4.16076411,2025,7
792623,Bank D,Equity,EUR,Sell,2025-01-01,599507.98,57291.4,0.5995079799999999,2025,1
939566,Bank A,FX,JPY,Buy,2025-09-17,414740.32,7685.16,0.41474032,2025,9
267355,Bank C,FX,USD,Buy,2025-06-21,4099558.16,-40672.31,4.09955816,2025,6
194595,Bank C,Commodity,GBP,Buy,2024-12-21,1904395.68,43118.11,1.90439568,2024,12
251434,Bank A,Equity,GBP,Buy,2025-08-29,492029.22,-46712.04,0.49202922,2025,8
266711,Bank C,Equity,EUR,Sell,2025-04-13,1007924.5,-3934.18,1.0079245,2025,4
785346,Bank B,Loan,JPY,Buy,2025-01-18,2241420.74,-60722.63,2.24142074,2025,1
298585,Bank B,Loan,GBP,Buy,2024-09-26,1226305.75,99330.09,1.22630575,2024,9
447566,Bank B,Bond,GBP,Buy,2025-01-24,1950612.93,18530.7,1.95061293,2025,1
454569,Bank D,Commodity,EUR,Sell,2025-02-24,1384339.5,-97285.14,1.3843395,2025,2
791592,Bank D,FX,EUR,Buy,2025-08-06,1923012.63,95674.89,1.92301263,2025,8
865712,Bank B,FX,GBP,Buy,2024-11-19,318660.38,24086.87,0.31866038,2024,11
152017,Bank D,Commodity,JPY,Buy,2025-04-09,3730354.44,-72394.47,3.73035444,2025,4
607556,Bank A,FX,USD,Buy,2025-07-06,231629.98,-50695.7,0.23162998,2025,7
855845,Bank A,FX,USD,Sell,2025-04-19,1352731.34,-6052.24,1.35273134,2025,4
106059,Bank B,Loan,EUR,Buy,2025-08-27,1163950.57,43041.15,1.1639505700000001,2025,8
553606,Bank B,Equity,EUR,Sell,2024-11-08,3470987.19,-25948.6,3.47098719,2024,11
149433,Bank A,Loan,USD,Sell,2025-03-17,2430080.16,-26023.93,2.43008016,2025,3
150555,Bank C,Commodity,USD,Buy,2025-06-21,4433437.19,37807.89,4.43343719,2025,6
369304,Bank B,Commodity,EUR,Sell,2025-05-29,615630.97,-23979.16,0.61563097,2025,5
531846,Bank B,FX,USD,Buy,2025-02-06,2825219.9,74355.89,2.8252199,2025,2
276171,Bank D,Bond,USD,Buy,2025-02-12,3188891.26,-14945.76,3.1888912599999997,2025,2
492493,Bank C,FX,USD,Buy,2025-04-27,2699708.77,-9171.41,2.69970877,2025,4
549361,Bank B,Equity,GBP,Buy,2025-01-03,1577844.46,35648.34,1.57784446,2025,1
596587,Bank A,Equity,USD,Sell,2025-02-14,818693.35,46753.12,0.81869335,2025,2
737012,Bank A,Loan,JPY,Buy,2025-03-08,399040.85,11595.11,0.39904085,2025,3
854133,Bank A,Loan,EUR,Buy,2025-01-11,3257166.19,-38144.35,3.25716619,2025,1
742541,Bank B,Equity,JPY,Sell,2024-10-04,3660247.98,-32559.36,3.66024798,2024,10
440795,Bank C,Commodity,EUR,Sell,2024-10-28,4731097.48,6675.18,4.731097480000001,2024,10
784246,Bank A,FX,JPY,Buy,2025-02-17,4684218.87,89449.79,4.6842188700000005,2025,2
756916,Bank A,Loan,USD,Sell,2025-01-03,1900635.78,-74267.27,1.90063578,2025,1
385804,Bank B,FX,JPY,Buy,2024-12-09,3665233.69,-88168.52,3.66523369,2024,12
767655,Bank A,FX,USD,Buy,2025-04-23,527831.43,-37491.95,0.5278314300000001,2025,4
481874,Bank D,Loan,EUR,Buy,2025-06-03,801518.28,-11394.2,0.80151828,2025,6
918605,Bank C,Commodity,GBP,Buy,2025-07-18,3190745.11,-48540.82,3.19074511,2025,7
255538,Bank B,FX,USD,Buy,2024-11-02,4071648.04,65081.94,4.07164804,2024,11
764417,Bank B,Loan,USD,Buy,2025-07-11,2695921.39,22010.66,2.69592139,2025,7
270886,Bank A,FX,JPY,Buy,2025-04-10,2919482.51,-41779.34,2.91948251,2025,4
508476,Bank C,Loan,USD,Sell,2025-09-17,3221436.93,17144.59,3.2214369300000003,2025,9
385089,Bank C,Bond,EUR,Sell,2025-05-23,3743601.23,-66208.3,3.74360123,2025,5
289061,Bank D,Loan,EUR,Sell,2025-08-04,4058532.96,-19379.38,4.05853296,2025,8
465595,Bank B,Bond,EUR,Sell,2025-04-12,4788681.35,72081.53,4.78868135,2025,4
951149,Bank C,Loan,USD,Sell,2025-06-09,1386755.43,13712.65,1.38675543,2025,6
478894,Bank B,Bond,GBP,Buy,2025-08-21,4741159.19,-28452.2,4.74115919,2025,8
896180,Bank B,Bond,EUR,Sell,2025-04-09,4772818.05,-96519.17,4.77281805,2025,4
609870,Bank A,Commodity,USD,Buy,2025-02-08,1757315.93,-56328.14,1.7573159299999999,2025,2
267626,Bank B,Equity,GBP,Sell,2024-12-26,2709310.46,84491.07,2.7093104599999998,2024,12
778853,Bank B,Equity,JPY,Sell,2025-09-05,4876440.64,83828.89,4.876440639999999,2025,9
957476,Bank C,Loan,JPY,Buy,2024-12-19,3658984.52,44371.12,3.65898452,2024,12
409228,Bank D,FX,GBP,Buy,2024-10-17,2402343.69,23146.76,2.40234369,2024,10
666258,Bank B,Commodity,USD,Buy,2025-08-08,3279626.53,34449.69,3.27962653,2025,8
756144,Bank A,Equity,GBP,Sell,2025-07-13,4975706.79,54012.52,4.97570679,2025,7
127073,Bank B,Equity,EUR,Buy,2025-09-17,3946376.31,-42323.57,3.94637631,2025,9
869221,Bank A,FX,JPY,Buy,2024-11-07,1455516.7,-2385.22,1.4555167,2024,11
156059,Bank B,Commodity,GBP,Buy,2025-08-05,1716066.73,99888.13,1.7160667299999999,2025,8
194184,Bank C,Loan,USD,Buy,2025-07-18,1814604.1,-45864.03,1.8146041000000002,2025,7
800558,Bank D,Equity,JPY,Sell,2025-03-13,784932.62,4268.72,0.78493262,2025,3
237268,Bank D,Loan,GBP,Buy,2025-07-27,1028615.81,-39354.96,1.02861581,2025,7
289311,Bank D,Loan,USD,Sell,2025-02-18,1867552.35,-14352.31,1.8675523500000002,2025,2
353168,Bank D,Commodity,GBP,Buy,2024-10-31,4643071.65,35886.31,4.64307165,2024,10
642047,Bank A,Commodity,EUR,Buy,2024-10-29,3666444.38,7118.31,3.6664443799999997,2024,10
210200,Bank C,FX,USD,Sell,2025-08-10,2857983.83,24003.2,2.8579838300000002,2025,8
124876,Bank D,Loan,JPY,Sell,2025-08-28,1439374.46,-68123.59,1.43937446,2025,8
294470,Bank B,Commodity,GBP,Sell,2025-01-06,297043.48,77479.58,0.29704347999999997,2025,1
233335,Bank D,Loan,USD,Sell,2024-12-18,1840233.28,-138.8,1.84023328,2024,12
874299,Bank C,Loan,EUR,Buy,2024-11-25,1121894.2,-29271.93,1.1218942,2024,11
589266,Bank A,Equity,GBP,Sell,2025-01-27,390125.01,8218.86,0.39012501,2025,1
663869,Bank B,FX,GBP,Buy,2025-04-14,3397467.34,69397.02,3.39746734,2025,4
173743,Bank C,Loan,USD,Sell,2025-07-06,247223.98,-13139.43,0.24722398,2025,7
627699,Bank D,Commodity,JPY,Sell,2025-07-19,4885642.09,-23056.14,4.88564209,2025,7
259486,Bank A,Bond,EUR,Buy,2024-11-28,3327105.13,41479.67,3.32710513,2024,11
912674,Bank C,Equity,GBP,Buy,2025-02-16,1654050.3,83378.88,1.6540503,2025,2
142263,Bank C,Bond,EUR,Sell,2025-01-25,1588038.57,9886.54,1.5880385700000001,2025,1
920879,Bank B,Bond,GBP,Sell,2025-08-29,881674.25,-65765.72,0.88167425,2025,8
215560,Bank C,Bond,GBP,Buy,2025-06-23,760595.02,-49745.19,0.76059502,2025,6
846102,Bank A,FX,GBP,Buy,2025-08-06,3440039.19,85497.97,3.44003919,2025,8
933473,Bank A,Commodity,GBP,Buy,2025-09-16,354862.9,39727.38,0.35486290000000004,2025,9
126133,Bank B,FX,JPY,Sell,2025-07-07,510857.34,79568.04,0.51085734,2025,7
921402,Bank A,Equity,USD,Buy,2024-11-24,1653488.08,-28383.51,1.65348808,2024,11
620065,Bank D,Commodity,GBP,Sell,2025-04-15,4349200.35,-47193.52,4.349200349999999,2025,4
171166,Bank C,Bond,JPY,Sell,2025-03-28,1536983.86,-66303.18,1.53698386,2025,3
666122,Bank A,FX,USD,Sell,2024-10-17,4544755.97,-28627.0,4.54475597,2024,10
812521,Bank D,Loan,GBP,Sell,2025-01-23,2560238.85,77002.04,2.56023885,2025,1
742901,Bank B,Bond,GBP,Sell,2025-09-07,4768955.06,66849.01,4.76895506,2025,9
290240,Bank A,Bond,USD,Buy,2025-08-28,3210231.2,-83198.77,3.2102312000000004,2025,8
961608,Bank A,Equity,USD,Buy,2024-10-20,3168413.67,10879.7,3.16841367,2024,10
209934,Bank D,Equity,GBP,Buy,2024-12-11,2799814.35,59710.51,2.79981435,2024,12
776024,Bank D,Equity,JPY,Sell,2025-02-25,2832227.18,28220.23,2.8322271800000003,2025,2
232124,Bank A,Loan,JPY,Sell,2025-01-14,2721544.2,-3902.73,2.7215442000000003,2025,1
659864,Bank B,Bond,EUR,Buy,2025-09-10,2200590.68,58371.75,2.2005906800000004,2025,9
104547,Bank A,FX,USD,Sell,2025-03-12,2816457.35,54191.06,2.8164573500000003,2025,3
629083,Bank A,Commodity,USD,Buy,2025-03-14,4817727.49,71970.42,4.81772749,2025,3
287711,Bank A,Equity,EUR,Sell,2024-11-05,3680961.39,30396.34,3.68096139,2024,11
994006,Bank B,Loan,JPY,Buy,2025-08-02,4252329.52,-19664.07,4.25232952,2025,8
737292,Bank A,Loan,EUR,Sell,2025-06-01,3197606.21,51903.03,3.19760621,2025,6
715861,Bank D,Equity,GBP,Buy,2025-04-18,2172245.53,83183.32,2.1722455299999996,2025,4
752931,Bank C,Loan,GBP,Sell,2025-01-25,3953617.0,31329.29,3.953617,2025,1
557185,Bank D,Commodity,EUR,Buy,2024-12-29,4032948.77,85940.26,4.03294877,2024,12
499339,Bank B,Commodity,EUR,Sell,2025-05-22,1880404.28,-429.57,1.88040428,2025,5
423328,Bank D,Loan,JPY,Buy,2025-02-28,2814943.95,60145.08,2.81494395,2025,2
570417,Bank B,Equity,JPY,Sell,2025-05-02,1517328.87,86975.87,1.51732887,2025,5
654375,Bank B,Loan,JPY,Buy,2024-09-21,972637.89,-21054.48,0.97263789,2024,9
515674,Bank C,Loan,GBP,Buy,2024-11-01,1051751.74,-5601.17,1.05175174,2024,11
526957,Bank A,Loan,EUR,Buy,2024-10-02,1383706.62,-71846.13,1.38370662,2024,10
934213,Bank C,Bond,JPY,Buy,2025-02-20,3118241.14,-9016.53,3.1182411400000003,2025,2
393507,Bank A,FX,EUR,Sell,2025-08-07,4997667.56,-3489.72,4.99766756,2025,8
386818,Bank C,Equity,USD,Buy,2025-02-12,3958961.9,92643.94,3.9589619,2025,2
636112,Bank A,Loan,GBP,Sell,2025-04-01,2697832.67,-42559.13,2.69783267,2025,4
416452,Bank D,Equity,EUR,Sell,2025-01-10,1217666.66,98940.5,1.21766666,2025,1
483147,Bank A,Equity,JPY,Buy,2025-06-18,1402309.91,86649.93,1.4023099099999998,2025,6
477408,Bank D,Commodity,JPY,Sell,2025-01-21,837143.5,-23720.13,0.8371435,2025,1
251262,Bank B,Equity,JPY,Buy,2024-11-05,1190978.87,-14407.97,1.1909788700000001,2024,11
822610,Bank A,Commodity,JPY,Buy,2025-06-05,2895677.71,-3608.1,2.89567771,2025,6
709483,Bank C,Bond,GBP,Buy,2025-02-17,829205.37,-31938.28,0.8292053699999999,2025,2
274094,Bank D,Commodity,EUR,Sell,2025-06-11,3413696.16,79575.97,3.41369616,2025,6
803050,Bank C,FX,JPY,Buy,2025-07-18,3618143.7,29488.07,3.6181437,2025,7
311051,Bank B,Equity,GBP,Sell,2025-04-25,2294597.53,-21596.92,2.29459753,2025,4
878904,Bank C,FX,USD,Buy,2025-07-10,1260356.96,-6525.45,1.26035696,2025,7
479622,Bank A,Bond,EUR,Buy,2024-10-07,4124629.32,-61477.43,4.1246293199999995,2024,10
728511,Bank C,Commodity,USD,Sell,2025-01-19,1612168.0,16498.23,1.612168,2025,1
827483,Bank C,Equity,GBP,Buy,2024-11-21,1298648.26,-57023.78,1.29864826,2024,11
759515,Bank B,Bond,JPY,Sell,2025-07-22,3440128.51,-81425.48,3.4401285099999996,2025,7
227598,Bank A,FX,USD,Sell,2025-04-29,3567719.46,92459.4,3.56771946,2025,4
897291,Bank A,Loan,EUR,Sell,2025-03-21,2425813.74,4263.47,2.42581374,2025,3
562945,Bank A,Bond,JPY,Buy,2025-01-24,4265983.87,22407.48,4.26598387,2025,1
407063,Bank D,Bond,GBP,Buy,2024-10-07,1920629.16,-80641.89,1.9206291599999998,2024,10
987040,Bank C,Equity,EUR,Buy,2025-08-19,1572461.64,-11985.3,1.57246164,2025,8
439154,Bank B,Loan,USD,Sell,2024-11-04,4146888.97,99183.34,4.14688897,2024,11
336817,Bank A,Commodity,JPY,Buy,2024-10-08,4122014.82,73443.82,4.1220148199999995,2024,10
877973,Bank C,Commodity,EUR,Sell,2025-07-03,4033883.16,-75591.83,4.03388316,2025,7
350194,Bank D,FX,EUR,Sell,2025-05-29,4661224.59,-24592.32,4.66122459,2025,5
787306,Bank D,Bond,GBP,Buy,2025-03-15,2400093.16,25579.69,2.40009316,2025,3
713497,Bank C,Equity,GBP,Sell,2024-11-23,746330.2,64584.08,0.7463301999999999,2024,11
803644,Bank A,Equity,USD,Sell,2024-10-13,2928782.93,-78096.65,2.92878293,2024,10
717635,Bank A,Equity,EUR,Sell,2025-07-06,2719648.47,-69346.25,2.71964847,2025,7
411524,Bank B,Loan,JPY,Buy,2025-04-14,3152900.08,-58982.28,3.15290008,2025,4
348820,Bank A,FX,USD,Sell,2025-06-19,4452418.49,-45509.21,4.45241849,2025,6
698248,Bank B,Bond,USD,Sell,2025-01-30,4178387.36,-75786.38,4.178387359999999,2025,1
156042,Bank D,Equity,GBP,Sell,2024-12-28,4674740.44,-1872.75,4.674740440000001,2024,12
389060,Bank C,Commodity,USD,Buy,2025-08-29,1534292.93,87010.97,1.5342929299999999,2025,8
432284,Bank A,Equity,JPY,Buy,2024-11-28,3563173.62,41733.9,3.56317362,2024,11
453806,Bank A,Loan,JPY,Sell,2024-12-13,3529952.27,-86445.94,3.52995227,2024,12
113123,Bank B,Equity,USD,Sell,2024-10-20,3109356.36,-34577.64,3.10935636,2024,10
260918,Bank A,Bond,USD,Sell,2025-07-20,1679338.15,5323.36,1.67933815,2025,7
827295,Bank A,FX,GBP,Sell,2024-11-20,3459741.08,-59467.28,3.45974108,2024,11
736679,Bank C,Commodity,USD,Sell,2024-10-25,245611.12,87745.98,0.24561112,2024,10
547976,Bank A,Bond,JPY,Sell,2025-02-16,4735519.45,66290.54,4.73551945,2025,2
797677,Bank D,Loan,EUR,Sell,2024-09-21,2712032.96,-59173.28,2.71203296,2024,9
372352,Bank A,FX,GBP,Sell,2024-11-10,3844932.49,-78363.48,3.84493249,2024,11
412756,Bank D,Loan,JPY,Sell,2025-01-31,1477706.22,-46228.48,1.47770622,2025,1
227954,Bank B,Commodity,JPY,Sell,2025-03-14,3663342.13,-1797.07,3.6633421299999998,2025,3
325360,Bank C,Commodity,EUR,Sell,2025-06-24,1556376.68,26978.19,1.5563766799999998,2025,6
941801,Bank B,FX,USD,Buy,2025-05-14,3010440.51,31243.97,3.0104405099999996,2025,5
318557,Bank D,Equity,USD,Buy,2025-02-25,1306959.05,23541.3,1.3069590500000001,2025,2
484415,Bank A,Commodity,EUR,Sell,2025-02-14,4033210.41,-44420.34,4.033210410000001,2025,2
697476,Bank D,Equity,EUR,Sell,2025-08-02,1438883.16,42439.93,1.4388831599999998,2025,8
847602,Bank A,Equity,USD,Buy,2025-06-30,3887478.41,-21841.93,3.88747841,2025,6
764907,Bank A,Commodity,EUR,Buy,2025-06-05,3563745.69,65225.49,3.5637456899999997,2025,6
807261,Bank D,FX,EUR,Buy,2025-07-03,1744999.98,-2824.48,1.74499998,2025,7
360358,Bank B,Commodity,GBP,Sell,2024-11-10,4328573.79,-75906.92,4.32857379,2024,11
642494,Bank A,Equity,EUR,Buy,2024-10-06,876492.6,-54679.6,0.8764926,2024,10
257777,Bank B,Bond,USD,Buy,2025-04-16,1569862.88,34044.57,1.5698628799999998,2025,4
862392,Bank C,FX,JPY,Sell,2024-12-18,3852845.99,21505.34,3.85284599,2024,12
182858,Bank A,Loan,JPY,Buy,2024-11-25,940307.19,-79872.94,0.94030719,2024,11
910706,Bank A,Commodity,JPY,Buy,2024-12-20,1651223.2,21227.36,1.6512232,2024,12
898248,Bank A,Bond,JPY,Sell,2025-03-20,2287779.03,-3993.8,2.28777903,2025,3
544877,Bank C,Equity,EUR,Buy,2025-02-24,3967696.29,-77451.58,3.96769629,2025,2
834273,Bank D,FX,GBP,Sell,2025-05-13,2501558.74,-88141.08,2.50155874,2025,5
614646,Bank A,Loan,GBP,Sell,2024-12-25,1827938.69,-36139.54,1.8279386899999999,2024,12
404427,Bank B,Equity,GBP,Buy,2025-07-08,2316682.6,76454.93,2.3166826,2025,7
948424,Bank A,FX,EUR,Buy,2025-07-13,743949.03,-93434.43,0.74394903,2025,7
261815,Bank A,Bond,EUR,Sell,2024-12-25,2967983.48,-70778.27,2.96798348,2024,12
743901,Bank D,Bond,USD,Sell,2025-05-27,985879.14,58996.6,0.98587914,2025,5
822924,Bank C,Equity,JPY,Buy,2025-05-04,276963.05,-50574.79,0.27696305,2025,5
210779,Bank A,Commodity,GBP,Sell,2025-01-10,574156.27,-48773.86,0.57415627,2025,1
884309,Bank A,Bond,GBP,Sell,2024-12-03,4166121.76,-84762.56,4.166121759999999,2024,12
637008,Bank D,Bond,JPY,Sell,2025-05-24,2022054.39,42673.47,2.02205439,2025,5
525350,Bank A,Equity,GBP,Sell,2025-01-05,2888959.33,-71588.68,2.88895933,2025,1
620638,Bank D,Loan,GBP,Buy,2025-08-10,2677169.84,-53786.93,2.67716984,2025,8
856108,Bank A,FX,EUR,Sell,2025-03-11,2274776.34,-38920.96,2.27477634,2025,3
789354,Bank B,Commodity,USD,Buy,2025-06-12,753582.04,-39561.82,0.7535820400000001,2025,6
846901,Bank C,Bond,EUR,Buy,2025-08-13,1145555.69,51499.19,1.14555569,2025,8
151519,Bank A,Loan,EUR,Sell,2025-08-28,2467692.2,27349.44,2.4676922,2025,8
910789,Bank B,Commodity,USD,Sell,2025-01-11,3585940.82,-93062.53,3.58594082,2025,1
737360,Bank C,Bond,USD,Sell,2025-07-09,4626728.42,-86650.4,4.62672842,2025,7
794585,Bank C,FX,USD,Sell,2025-03-26,3867112.34,-74075.51,3.86711234,2025,3
542007,Bank C,Bond,EUR,Buy,2025-04-17,1885909.56,28776.25,1.88590956,2025,4
301566,Bank A,Loan,GBP,Sell,2025-04-28,412386.59,-25005.54,0.41238659000000005,2025,4
755714,Bank A,Loan,USD,Sell,2025-06-25,1168117.64,-38958.52,1.16811764,2025,6
632737,Bank A,Bond,JPY,Buy,2025-07-15,1439983.23,45115.79,1.43998323,2025,7
152304,Bank B,Bond,JPY,Buy,2025-07-18,1711859.4,14843.51,1.7118593999999998,2025,7
414522,Bank D,Bond,EUR,Buy,2025-01-07,2671139.3,16967.96,2.6711392999999997,2025,1
914509,Bank B,Commodity,USD,Buy,2025-07-13,3644801.42,-47588.17,3.64480142,2025,7
719707,Bank A,Equity,GBP,Buy,2025-03-12,4165791.52,-25123.14,4.16579152,2025,3
871382,Bank D,Bond,EUR,Buy,2025-04-22,1822750.21,-48271.92,1.82275021,2025,4
617763,Bank A,Commodity,GBP,Sell,2024-11-23,3718562.97,44609.84,3.7185629700000002,2024,11
278950,Bank C,Loan,JPY,Buy,2025-04-24,2283316.22,-20484.29,2.28331622,2025,4
120841,Bank C,FX,JPY,Buy,2024-12-06,2157224.02,51642.93,2.15722402,2024,12
935794,Bank B,Commodity,USD,Buy,2024-11-23,4950067.78,32629.55,4.95006778,2024,11
815544,Bank D,FX,GBP,Buy,2025-03-08,531382.89,-99131.07,0.53138289,2025,3
858611,Bank D,Equity,JPY,Sell,2025-04-10,4856421.79,-59997.83,4.85642179,2025,4
602443,Bank D,Bond,USD,Sell,2025-06-03,1561028.09,56252.09,1.56102809,2025,6
155691,Bank B,Commodity,EUR,Buy,2024-10-27,4201452.38,25078.14,4.20145238,2024,10
866404,Bank D,Loan,JPY,Buy,2024-10-04,1843539.84,6795.77,1.84353984,2024,10
827082,Bank A,Commodity,EUR,Buy,2025-05-18,2894398.11,42073.45,2.89439811,2025,5
206910,Bank B,Commodity,USD,Sell,2025-06-24,811057.85,-54284.16,0.81105785,2025,6
301091,Bank D,Commodity,EUR,Sell,2024-11-19,742238.55,-11798.27,0.74223855,2024,11
287307,Bank D,FX,JPY,Sell,2024-11-02,2324360.5,91515.79,2.3243605,2024,11
653662,Bank A,FX,JPY,Sell,2025-04-08,421967.42,-56499.98,0.42196742,2025,4
371877,Bank A,FX,JPY,Buy,2025-07-19,1943188.84,-76586.14,1.9431888400000001,2025,7
491813,Bank D,FX,GBP,Buy,2024-11-22,2465484.74,62519.16,2.4654847400000004,2024,11
451437,Bank D,Equity,JPY,Sell,2024-11-02,4072272.7,96703.89,4.0722727,2024,11
538319,Bank A,Loan,JPY,Sell,2025-06-24,1488188.12,-75039.37,1.48818812,2025,6
556417,Bank D,Equity,GBP,Sell,2025-05-15,2748362.31,48249.47,2.74836231,2025,5
961935,Bank D,Loan,USD,Sell,2025-07-12,1128465.93,39085.86,1.12846593,2025,7
804664,Bank D,FX,GBP,Buy,2025-09-02,123913.11,-78045.67,0.12391311,2025,9
473801,Bank C,Bond,EUR,Buy,2025-08-03,3070122.64,56278.46,3.07012264,2025,8
322412,Bank B,FX,GBP,Buy,2024-12-13,476760.46,36745.31,0.47676046,2024,12
320881,Bank A,FX,EUR,Sell,2024-10-01,1033949.18,-49072.53,1.03394918,2024,10
598667,Bank A,Bond,JPY,Buy,2025-08-28,1993750.46,-18150.32,1.99375046,2025,8
349075,Bank C,Commodity,USD,Buy,2024-09-23,2566928.01,66450.34,2.56692801,2024,9
306886,Bank C,Commodity,EUR,Sell,2025-03-27,1875319.03,97931.47,1.87531903,2025,3
251833,Bank B,Loan,JPY,Buy,2024-11-02,907172.72,-9594.38,0.9071727199999999,2024,11
899875,Bank A,Loan,EUR,Buy,2025-07-23,524755.17,-46704.21,0.52475517,2025,7
948373,Bank A,Commodity,JPY,Buy,2024-11-06,1236081.52,-93924.57,1.23608152,2024,11
932413,Bank C,Loan,JPY,Sell,2024-09-21,168645.44,-53046.25,0.16864544,2024,9
436994,Bank A,Equity,EUR,Buy,2024-12-13,4756949.29,55553.26,4.75694929,2024,12
955115,Bank B,FX,GBP,Buy,2025-07-26,1877549.02,5080.92,1.87754902,2025,7
504017,Bank B,Loan,GBP,Sell,2025-01-02,4905377.07,79049.63,4.90537707,2025,1
710563,Bank D,Equity,GBP,Sell,2025-03-22,913555.59,27996.22,0.91355559,2025,3
166029,Bank C,Equity,EUR,Sell,2025-08-27,1665157.88,-81089.03,1.66515788,2025,8
574033,Bank C,FX,USD,Buy,2025-02-25,1228852.41,70319.19,1.22885241,2025,2
217702,Bank C,Commodity,USD,Buy,2025-02-04,628081.32,9583.51,0.6280813199999999,2025,2
555322,Bank D,FX,USD,Sell,2024-10-24,3882775.06,-30878.8,3.88277506,2024,10
380733,Bank B,Equity,EUR,Sell,2025-05-20,2329351.12,95249.5,2.32935112,2025,5
794297,Bank C,FX,EUR,Sell,2024-11-21,1160490.25,-99340.0,1.16049025,2024,11
784939,Bank C,Equity,GBP,Sell,2025-07-09,4352338.63,32978.81,4.35233863,2025,7
835554,Bank C,Loan,GBP,Buy,2025-08-18,4679788.46,-67385.16,4.67978846,2025,8
275133,Bank A,FX,GBP,Buy,2025-07-09,4676303.48,-4908.6,4.6763034800000005,2025,7
406634,Bank D,Equity,EUR,Buy,2025-08-16,4477565.93,14881.24,4.47756593,2025,8
829874,Bank C,Loan,GBP,Buy,2024-12-13,4535938.48,58923.59,4.53593848,2024,12
427009,Bank C,Loan,USD,Sell,2025-02-03,4699587.28,-16525.12,4.69958728,2025,2
439951,Bank B,Loan,USD,Sell,2025-05-13,4172245.46,77040.13,4.17224546,2025,5
100060,Bank A,Loan,GBP,Buy,2025-02-24,2845476.25,13893.88,2.84547625,2025,2
665342,Bank A,Commodity,GBP,Sell,2025-02-09,3018580.47,-65884.04,3.0185804700000003,2025,2
730705,Bank A,Loan,EUR,Sell,2025-02-17,1871714.97,2794.15,1.87171497,2025,2
837141,Bank D,Loan,JPY,Sell,2025-06-02,4159135.97,-75239.99,4.15913597,2025,6
510781,Bank B,Equity,USD,Sell,2025-07-03,3198421.9,-92453.74,3.1984219,2025,7
305669,Bank D,Bond,JPY,Buy,2024-10-13,452315.37,-46305.3,0.45231537,2024,10
253760,Bank B,Loan,EUR,Sell,2025-08-31,1183815.23,-55542.27,1.18381523,2025,8
169983,Bank D,Loan,GBP,Buy,2025-07-30,4924528.92,-77418.01,4.92452892,2025,7
983557,Bank C,Bond,USD,Sell,2025-02-18,4212980.04,-47623.41,4.21298004,2025,2
253940,Bank B,Equity,EUR,Buy,2025-01-21,2352326.56,-80583.01,2.35232656,2025,1
100667,Bank D,Equity,USD,Buy,2025-09-16,3849196.25,-36573.74,3.84919625,2025,9
833249,Bank A,FX,JPY,Sell,2025-01-29,4612122.63,-32813.55,4.61212263,2025,1
299732,Bank B,Equity,EUR,Sell,2025-08-29,4502202.81,-90896.52,4.50220281,2025,8
244629,Bank D,Equity,JPY,Sell,2025-06-11,184044.3,5287.36,0.1840443,2025,6
115886,Bank B,Equity,JPY,Sell,2025-07-22,3401178.94,14359.99,3.40117894,2025,7
531428,Bank B,FX,GBP,Sell,2024-11-14,1152698.66,16091.62,1.15269866,2024,11
516392,Bank B,FX,GBP,Buy,2024-11-03,4232764.33,48813.42,4.23276433,2024,11
375437,Bank D,Loan,USD,Sell,2024-09-25,2720659.53,57114.82,2.72065953,2024,9
859423,Bank B,Equity,USD,Sell,2025-02-07,3518899.46,90585.55,3.51889946,2025,2
737353,Bank B,Commodity,EUR,Sell,2025-01-16,4824625.03,87513.99,4.82462503,2025,1
378967,Bank B,Bond,USD,Sell,2025-07-22,2268053.49,28799.24,2.2680534900000002,2025,7
573010,Bank B,FX,USD,Buy,2025-01-27,1072214.81,-46218.63,1.07221481,2025,1
504586,Bank D,Bond,EUR,Buy,2025-03-10,1268015.25,-18174.52,1.26801525,2025,3
579703,Bank D,Loan,GBP,Sell,2025-07-09,4169274.77,61190.5,4.16927477,2025,7
779402,Bank B,FX,GBP,Sell,2025-05-06,472564.6,68195.07,0.4725646,2025,5
567801,Bank C,Loan,JPY,Buy,2025-07-09,2947340.51,-84592.66,2.9473405099999996,2025,7
335665,Bank D,Equity,GBP,Sell,2025-01-10,3697417.93,-25361.74,3.6974179300000003,2025,1
682861,Bank D,Equity,USD,Sell,2024-11-12,1588468.38,-65577.23,1.58846838,2024,11
953386,Bank A,Loan,JPY,Sell,2025-07-13,2202416.64,-98974.15,2.20241664,2025,7
335153,Bank B,Commodity,JPY,Buy,2025-09-04,1450428.95,-90976.43,1.45042895,2025,9
517512,Bank A,Loan,GBP,Buy,2025-05-17,4893449.79,-87182.63,4.89344979,2025,5
222246,Bank A,FX,JPY,Sell,2025-07-15,2561971.05,3591.75,2.56197105,2025,7
355438,Bank D,Equity,USD,Sell,2024-10-14,3234122.74,51113.45,3.23412274,2024,10
725334,Bank C,FX,USD,Sell,2024-11-21,4992189.88,6169.49,4.99218988,2024,11
520461,Bank D,Bond,JPY,Buy,2024-11-03,2116062.22,18410.75,2.1160622200000003,2024,11
336377,Bank D,Loan,EUR,Buy,2025-09-12,955622.33,-98278.1,0.95562233,2025,9
358627,Bank C,Equity,USD,Sell,2025-03-21,1204150.53,-40163.59,1.20415053,2025,3
286486,Bank B,Commodity,EUR,Buy,2025-02-01,965366.53,63929.41,0.9653665300000001,2025,2
568684,Bank A,Commodity,EUR,Buy,2024-12-18,2150046.55,35113.32,2.15004655,2024,12
845092,Bank C,Loan,USD,Buy,2025-04-14,2555802.16,17221.96,2.5558021600000003,2025,4
986967,Bank A,Commodity,USD,Sell,2024-11-04,4042698.09,-19708.14,4.04269809,2024,11
597711,Bank A,FX,EUR,Sell,2025-08-06,2041482.0,-20745.74,2.041482,2025,8
778621,Bank B,Equity,EUR,Buy,2024-10-15,2157653.36,46005.3,2.15765336,2024,10
950096,Bank C,Bond,USD,Buy,2024-10-29,4398964.54,-78954.0,4.39896454,2024,10
533743,Bank B,Loan,USD,Buy,2024-12-28,1720524.23,2328.8,1.7205242299999999,2024,12
779182,Bank A,Commodity,EUR,Buy,2025-03-06,3311016.4,-29974.76,3.3110163999999997,2025,3
114618,Bank A,Commodity,JPY,Sell,2025-02-20,3614272.42,24698.0,3.61427242,2025,2
678035,Bank C,Bond,USD,Buy,2025-01-19,2174788.42,26484.65,2.17478842,2025,1
471945,Bank C,Bond,GBP,Buy,2024-10-05,4435307.67,74181.77,4.43530767,2024,10
908622,Bank C,Bond,USD,Buy,2024-12-05,4602327.53,-83139.86,4.60232753,2024,12
276268,Bank C,Bond,JPY,Buy,2025-01-18,4700393.72,-79366.94,4.70039372,2025,1
885361,Bank B,Commodity,JPY,Sell,2024-11-04,1951481.6,98614.09,1.9514816000000001,2024,11
496913,Bank B,FX,JPY,Buy,2025-02-20,3619212.3,11165.06,3.6192122999999996,2025,2
453881,Bank A,Bond,EUR,Sell,2024-12-23,3671696.22,88015.01,3.6716962200000003,2024,12
394360,Bank C,Commodity,USD,Sell,2025-07-30,2902881.25,-13466.71,2.90288125,2025,7
352636,Bank B,Bond,JPY,Buy,2024-10-17,2219370.21,-33518.75,2.21937021,2024,10
506511,Bank D,Commodity,EUR,Buy,2025-09-13,1260027.72,85688.16,1.26002772,2025,9
998168,Bank A,FX,JPY,Sell,2024-11-28,3969091.74,19434.8,3.96909174,2024,11
831033,Bank D,Equity,GBP,Sell,2024-12-20,3425638.21,-55581.2,3.42563821,2024,12
180132,Bank D,Equity,GBP,Sell,2025-04-26,203745.04,67777.16,0.20374504000000002,2025,4
379523,Bank A,Equity,EUR,Sell,2025-04-23,980703.32,-71174.19,0.9807033199999999,2025,4
531607,Bank C,Loan,USD,Buy,2024-11-23,3837294.45,27245.24,3.8372944500000004,2024,11
339370,Bank A,Bond,EUR,Sell,2025-09-06,1678476.06,22640.58,1.6784760600000002,2025,9
301622,Bank D,Commodity,EUR,Buy,2024-10-19,233093.78,68670.42,0.23309378,2024,10
126909,Bank D,Commodity,GBP,Sell,2025-03-16,1683967.22,4027.11,1.68396722,2025,3
563979,Bank D,Bond,JPY,Buy,2024-12-14,4761892.26,-32117.23,4.76189226,2024,12
645647,Bank C,Loan,USD,Buy,2025-07-28,4532483.7,55112.11,4.5324837,2025,7
206781,Bank D,FX,JPY,Sell,2024-10-09,2773087.43,73832.17,2.7730874300000004,2024,10
977660,Bank C,Equity,USD,Buy,2025-07-29,894009.3,50633.97,0.8940093,2025,7
264469,Bank B,Equity,EUR,Sell,2024-12-12,2690340.3,-28132.3,2.6903403,2024,12
433152,Bank C,Bond,JPY,Sell,2025-09-12,3371742.11,-42538.68,3.37174211,2025,9
217837,Bank C,Equity,GBP,Buy,2025-04-02,4888340.92,12730.42,4.88834092,2025,4
652866,Bank B,Bond,EUR,Buy,2025-07-21,3865652.76,86604.83,3.8656527599999997,2025,7
552830,Bank A,Equity,EUR,Sell,2024-12-01,2687279.39,-46438.43,2.68727939,2024,12
816060,Bank A,Equity,GBP,Sell,2025-06-28,2813024.46,-59403.62,2.81302446,2025,6
683060,Bank A,FX,USD,Buy,2025-07-11,2179130.36,92554.86,2.17913036,2025,7
545611,Bank D,FX,EUR,Buy,2025-03-04,802831.86,-90838.62,0.80283186,2025,3
751366,Bank C,FX,JPY,Sell,2024-11-28,248348.79,37769.69,0.24834879,2024,11
138509,Bank C,Bond,GBP,Buy,2025-09-07,576652.65,97013.59,0.57665265,2025,9
982601,Bank B,FX,USD,Buy,2024-10-18,495453.61,38092.45,0.49545361,2024,10
447329,Bank D,Bond,USD,Buy,2025-07-29,817881.61,-73243.38,0.81788161,2025,7
118393,Bank B,Loan,USD,Buy,2024-09-20,864179.61,-3938.71,0.86417961,2024,9
791582,Bank D,Equity,EUR,Buy,2024-10-26,1470220.05,-17464.09,1.47022005,2024,10
815076,Bank B,Bond,USD,Buy,2024-10-05,4466793.4,-94134.81,4.4667934,2024,10
999714,Bank A,FX,USD,Buy,2025-03-03,252415.08,85774.46,0.25241508,2025,3
635222,Bank A,Equity,EUR,Buy,2024-09-23,1540608.04,51987.54,1.54060804,2024,9
568666,Bank B,Loan,EUR,Buy,2025-05-21,1187356.52,-43948.93,1.18735652,2025,5
753438,Bank D,Loan,USD,Buy,2025-07-30,1738605.06,-99924.13,1.73860506,2025,7
793675,Bank C,FX,EUR,Buy,2025-08-30,718392.23,7653.21,0.71839223,2025,8
678461,Bank C,Equity,GBP,Buy,2025-06-29,4851250.34,7480.97,4.85125034,2025,6
424543,Bank D,Commodity,JPY,Sell,2025-05-25,2500479.32,18987.87,2.5004793199999997,2025,5
153940,Bank C,Commodity,USD,Buy,2024-12-09,3561313.81,-83852.28,3.56131381,2024,12
314363,Bank D,Commodity,USD,Buy,2025-08-29,1009229.27,-37447.42,1.00922927,2025,8
753872,Bank A,FX,GBP,Sell,2025-09-06,4729833.53,-15693.87,4.7298335300000005,2025,9
957642,Bank D,Loan,GBP,Sell,2025-07-09,3489515.21,-65391.11,3.48951521,2025,7
871000,Bank A,Bond,GBP,Sell,2025-08-06,2834724.18,-89317.79,2.8347241800000003,2025,8
625328,Bank A,Loan,USD,Buy,2025-06-05,4335957.73,45179.41,4.3359577300000005,2025,6
262277,Bank A,Commodity,EUR,Buy,2025-01-31,1708859.61,-79050.77,1.7088596100000002,2025,1
361096,Bank B,Bond,USD,Sell,2025-06-16,2167256.92,31630.14,2.16725692,2025,6
724848,Bank A,FX,USD,Sell,2025-09-18,4715997.56,-5785.83,4.71599756,2025,9
752195,Bank D,Bond,JPY,Sell,2025-01-20,295681.67,57797.98,0.29568167,2025,1
429136,Bank D,Bond,GBP,Sell,2025-08-27,1716177.29,-20226.63,1.71617729,2025,8
851678,Bank A,Loan,GBP,Buy,2024-10-03,690095.21,23659.17,0.69009521,2024,10
236446,Bank A,FX,JPY,Sell,2024-09-23,634927.49,-15448.37,0.63492749,2024,9
454208,Bank D,Bond,USD,Sell,2025-08-25,2771896.88,53468.84,2.77189688,2025,8
740092,Bank D,FX,GBP,Sell,2025-07-14,1991497.1,-94292.59,1.9914971000000001,2025,7
437318,Bank C,Bond,JPY,Sell,2025-02-04,2240836.97,-58070.12,2.24083697,2025,2
590618,Bank D,Equity,USD,Sell,2025-02-02,1780454.16,-61333.59,1.78045416,2025,2
862231,Bank C,Commodity,GBP,Sell,2024-12-21,2220418.59,48465.48,2.22041859,2024,12
867788,Bank A,Bond,USD,Sell,2025-08-02,1785725.38,-32662.2,1.78572538,2025,8
131665,Bank D,Bond,JPY,Sell,2025-01-12,4019247.64,10331.54,4.019247640000001,2025,1
587021,Bank A,Bond,JPY,Buy,2025-01-28,250439.55,-14795.52,0.25043955,2025,1
255491,Bank D,Commodity,USD,Sell,2025-04-28,4462440.11,3376.5,4.46244011,2025,4
368957,Bank C,Equity,USD,Buy,2025-02-05,886646.01,17271.71,0.88664601,2025,2
774837,Bank C,Bond,JPY,Sell,2025-09-13,4454975.57,89392.23,4.45497557,2025,9
597707,Bank B,FX,USD,Buy,2025-04-28,3504891.04,-6297.8,3.50489104,2025,4
521111,Bank B,Bond,USD,Sell,2024-11-30,3854310.4,-45033.3,3.8543103999999997,2024,11
374397,Bank C,Commodity,JPY,Sell,2025-06-14,2061444.37,62740.77,2.0614443700000002,2025,6
431975,Bank C,Equity,USD,Buy,2025-06-30,3939587.9,62269.73,3.9395879,2025,6
744297,Bank C,Loan,GBP,Buy,2025-01-25,4708406.45,45142.51,4.70840645,2025,1
440630,Bank D,Commodity,USD,Buy,2025-06-12,3339078.07,63550.51,3.33907807,2025,6
999465,Bank C,Bond,JPY,Sell,2025-07-24,3987997.02,-93111.84,3.98799702,2025,7
666414,Bank A,Loan,GBP,Sell,2024-12-14,1278269.71,83298.51,1.27826971,2024,12
816376,Bank B,FX,EUR,Sell,2025-07-12,3017838.99,2242.56,3.0178389900000004,2025,7
592307,Bank A,Equity,EUR,Sell,2024-10-13,4986051.44,84346.75,4.986051440000001,2024,10
893245,Bank D,Bond,JPY,Buy,2025-06-11,645538.69,50827.24,0.64553869,2025,6
848510,Bank B,Bond,USD,Buy,2025-04-05,1672443.12,1646.99,1.67244312,2025,4
798036,Bank B,Commodity,GBP,Buy,2025-01-17,2160779.99,-32888.53,2.1607799900000004,2025,1
621129,Bank D,Commodity,EUR,Sell,2025-03-23,3351647.92,15869.48,3.35164792,2025,3
584769,Bank A,Bond,GBP,Buy,2025-05-12,3487496.84,93481.21,3.48749684,2025,5
250589,Bank C,Bond,USD,Sell,2025-05-24,2186714.47,41128.71,2.18671447,2025,5
252894,Bank D,Commodity,GBP,Buy,2025-07-17,3918430.82,-6034.89,3.9184308199999998,2025,7
356668,Bank A,FX,JPY,Buy,2025-05-07,3145960.98,36971.52,3.14596098,2025,5
625033,Bank A,Loan,EUR,Sell,2025-05-11,2382007.24,55797.23,2.38200724,2025,5
525017,Bank A,Commodity,JPY,Buy,2025-03-11,949804.4,28075.81,0.9498044,2025,3
780023,Bank A,Equity,EUR,Buy,2025-06-19,4692681.68,-42457.41,4.69268168,2025,6
658613,Bank D,FX,JPY,Buy,2025-04-02,3120092.26,-48879.12,3.12009226,2025,4
932663,Bank C,Loan,USD,Buy,2024-09-21,4660790.21,93568.63,4.66079021,2024,9
105585,Bank D,Loan,JPY,Buy,2025-02-04,4435124.1,72.77,4.4351240999999995,2025,2
593353,Bank A,FX,GBP,Buy,2024-09-24,2223155.92,37709.81,2.22315592,2024,9
759700,Bank D,Bond,USD,Sell,2025-06-23,1640190.47,72348.37,1.64019047,2025,6
409624,Bank B,Loan,GBP,Buy,2024-11-10,2654799.87,-28798.5,2.65479987,2024,11
180716,Bank D,FX,EUR,Buy,2025-04-05,2111127.05,87153.51,2.11112705,2025,4
668093,Bank A,Equity,JPY,Sell,2025-06-04,4446660.42,-27083.87,4.44666042,2025,6
437916,Bank D,Commodity,USD,Buy,2024-11-18,2859303.96,18951.95,2.85930396,2024,11
515691,Bank B,Bond,EUR,Buy,2025-03-04,449516.59,57729.99,0.44951659000000005,2025,3
735147,Bank D,FX,GBP,Sell,2025-05-05,1858494.83,-58103.21,1.8584948300000002,2025,5
720530,Bank D,Commodity,JPY,Sell,2024-09-20,1195093.85,39873.22,1.1950938500000001,2024,9
592240,Bank C,Equity,EUR,Sell,2025-03-22,3503876.18,58006.25,3.5038761800000002,2025,3
206649,Bank A,Bond,JPY,Sell,2025-08-07,4714522.34,82131.02,4.71452234,2025,8
681219,Bank B,Equity,JPY,Sell,2025-03-07,3424355.29,-60163.39,3.42435529,2025,3
782906,Bank C,Bond,GBP,Buy,2024-12-21,680928.99,-9405.51,0.68092899,2024,12
766443,Bank A,Loan,JPY,Sell,2024-10-09,2343608.67,78927.55,2.34360867,2024,10
466449,Bank B,Loan,JPY,Sell,2025-07-17,4648747.64,31795.04,4.64874764,2025,7
478937,Bank B,Commodity,USD,Buy,2025-02-09,4722910.52,-57232.64,4.722910519999999,2025,2
509048,Bank C,FX,JPY,Buy,2025-04-04,1811952.97,904.2,1.8119529699999999,2025,4
777854,Bank A,Commodity,EUR,Buy,2025-06-14,2443737.98,97592.31,2.44373798,2025,6
798441,Bank C,Commodity,USD,Sell,2024-12-26,2701341.19,-14906.08,2.70134119,2024,12
187323,Bank B,FX,USD,Buy,2025-04-02,4532672.47,52340.4,4.53267247,2025,4
153957,Bank A,FX,GBP,Buy,2025-08-08,4264654.41,-59203.24,4.26465441,2025,8
945544,Bank A,Commodity,EUR,Sell,2024-11-28,2269956.98,7332.21,2.26995698,2024,11
874829,Bank C,Commodity,EUR,Sell,2025-04-10,4468494.56,54584.58,4.46849456,2025,4
200688,Bank B,Bond,USD,Sell,2025-04-01,431531.47,-43491.36,0.43153147,2025,4
951659,Bank D,Equity,GBP,Sell,2024-11-27,2108640.54,48505.11,2.10864054,2024,11
255238,Bank D,FX,JPY,Sell,2024-12-06,4431065.29,-57190.31,4.43106529,2024,12
288886,Bank C,Commodity,JPY,Sell,2025-02-21,2774317.66,62132.46,2.7743176600000004,2025,2
971644,Bank C,Bond,USD,Buy,2024-11-28,427271.96,-76984.63,0.42727196,2024,11
438441,Bank B,Loan,EUR,Buy,2025-03-03,4881202.94,99819.28,4.8812029400000005,2025,3
986587,Bank C,Commodity,EUR,Sell,2024-11-29,1243339.16,21556.7,1.2433391599999999,2024,11
858722,Bank B,Loan,JPY,Buy,2024-12-11,3603534.75,-36302.23,3.60353475,2024,12
639715,Bank C,Commodity,GBP,Sell,2025-03-25,4805384.68,66867.79,4.8053846799999995,2025,3
108184,Bank B,FX,GBP,Sell,2025-01-22,4052479.49,30728.02,4.0524794900000005,2025,1
165217,Bank A,Loan,GBP,Buy,2025-04-25,4235537.68,-6666.9,4.235537679999999,2025,4
233544,Bank C,Bond,JPY,Buy,2025-02-22,2248321.27,47259.4,2.24832127,2025,2
363197,Bank C,Bond,JPY,Sell,2025-05-05,1871903.27,98981.56,1.87190327,2025,5
297490,Bank C,FX,EUR,Sell,2025-03-07,2328679.88,61945.27,2.3286798799999997,2025,3
286239,Bank C,Bond,USD,Buy,2025-09-07,2045184.02,-508.81,2.04518402,2025,9
419662,Bank C,Loan,JPY,Buy,2025-05-10,2803700.14,6679.83,2.80370014,2025,5
827794,Bank A,Bond,EUR,Buy,2024-10-08,3885301.84,-22283.63,3.88530184,2024,10
115041,Bank C,Bond,EUR,Sell,2024-11-18,3382088.61,19224.78,3.38208861,2024,11
669983,Bank A,Bond,EUR,Buy,2025-02-27,1749734.61,-5328.94,1.7497346100000002,2025,2
571051,Bank D,Equity,EUR,Sell,2025-06-01,1127329.84,-804.71,1.12732984,2025,6
814682,Bank A,Equity,GBP,Buy,2025-08-31,1674452.22,11814.47,1.67445222,2025,8
643853,Bank B,FX,GBP,Buy,2024-10-29,1850340.81,36975.17,1.85034081,2024,10
415267,Bank A,Bond,USD,Sell,2025-01-17,4920693.54,88818.73,4.92069354,2025,1
569291,Bank D,Loan,USD,Sell,2025-04-04,4432117.46,51908.54,4.43211746,2025,4
336331,Bank D,Equity,USD,Sell,2025-01-29,121936.43,-62189.22,0.12193643,2025,1
117415,Bank D,Bond,USD,Buy,2025-05-02,451944.6,-26213.8,0.4519446,2025,5
185674,Bank D,Equity,EUR,Buy,2025-04-13,4369364.71,-10995.11,4.36936471,2025,4
269434,Bank C,Bond,EUR,Buy,2025-02-04,3418730.84,-26067.36,3.41873084,2025,2
534988,Bank A,Bond,USD,Sell,2024-10-02,2471592.34,50202.33,2.47159234,2024,10
250628,Bank D,Commodity,GBP,Sell,2025-01-22,1240018.11,88438.52,1.24001811,2025,1
475610,Bank C,Bond,JPY,Buy,2025-02-06,2447205.39,13536.38,2.44720539,2025,2
729076,Bank B,Loan,GBP,Sell,2025-04-20,835411.02,-22736.53,0.83541102,2025,4
908554,Bank D,Loan,EUR,Buy,2025-08-26,3838689.03,-66359.66,3.83868903,2025,8
558951,Bank C,Loan,USD,Buy,2025-08-06,1549502.97,-91964.3,1.54950297,2025,8
641870,Bank D,Bond,EUR,Buy,2024-09-22,209826.08,-89013.27,0.20982608,2024,9
656284,Bank C,Equity,USD,Sell,2025-01-12,377465.69,-9256.89,0.37746569,2025,1
439402,Bank B,FX,JPY,Sell,2025-05-13,802116.54,50686.02,0.80211654,2025,5
755168,Bank D,Commodity,JPY,Sell,2025-01-11,1206225.6,-96633.31,1.2062256,2025,1
188261,Bank C,Commodity,USD,Sell,2025-02-08,4145943.1,-81457.67,4.1459431,2025,2
933577,Bank B,Bond,USD,Buy,2025-05-06,1632063.05,61604.72,1.63206305,2025,5
911910,Bank A,FX,USD,Sell,2025-02-01,362339.43,91459.83,0.36233943,2025,2
686314,Bank A,Commodity,USD,Sell,2025-01-25,755470.99,-22168.4,0.75547099,2025,1
681665,Bank C,Loan,EUR,Buy,2025-03-07,3491053.19,-79175.81,3.49105319,2025,3
279656,Bank C,Commodity,USD,Sell,2024-12-11,1521058.14,-20069.12,1.5210581399999998,2024,12
638888,Bank B,Loan,USD,Sell,2025-02-12,2927604.65,-94582.75,2.9276046499999997,2025,2
576412,Bank A,Loan,EUR,Buy,2025-08-08,3335667.5,-42533.61,3.3356675,2025,8
967104,Bank B,Loan,GBP,Buy,2025-06-09,4594117.24,-9539.27,4.59411724,2025,6
501401,Bank C,FX,JPY,Buy,2024-11-24,1102354.92,58067.69,1.10235492,2024,11
285887,Bank C,FX,EUR,Buy,2025-03-27,2289404.53,27116.59,2.2894045299999997,2025,3
927969,Bank B,Loan,USD,Sell,2025-03-15,687760.33,86867.77,0.6877603299999999,2025,3
896619,Bank B,FX,EUR,Sell,2025-04-24,4574646.77,62504.25,4.574646769999999,2025,4
646841,Bank B,Bond,USD,Buy,2025-01-15,2331509.76,-10085.82,2.33150976,2025,1
834179,Bank C,Equity,EUR,Buy,2025-05-23,451691.02,-76000.74,0.45169102,2025,5
995308,Bank A,Loan,EUR,Buy,2025-06-30,4994215.92,70359.49,4.99421592,2025,6
430066,Bank B,Bond,JPY,Sell,2025-05-02,1500682.55,-19245.85,1.50068255,2025,5
515088,Bank C,FX,JPY,Sell,2025-06-05,1791032.7,22932.26,1.7910327,2025,6
926311,Bank A,Loan,GBP,Sell,2024-11-13,2053417.33,50459.91,2.0534173300000003,2024,11
825397,Bank B,Bond,GBP,Sell,2025-07-02,2245545.76,-54543.51,2.2455457599999997,2025,7
582951,Bank D,Commodity,USD,Buy,2024-12-23,4308765.62,35243.66,4.30876562,2024,12
519553,Bank A,FX,JPY,Buy,2025-03-05,3751111.87,-21825.51,3.75111187,2025,3
248116,Bank B,Loan,USD,Buy,2024-12-10,946108.89,23614.78,0.94610889,2024,12
471843,Bank D,Loan,GBP,Buy,2025-09-03,2372843.68,89906.15,2.3728436800000003,2025,9
921877,Bank C,Bond,JPY,Sell,2025-05-04,264689.38,9016.78,0.26468938000000003,2025,5
280698,Bank A,Equity,GBP,Sell,2025-06-21,3082938.92,86596.26,3.08293892,2025,6
269842,Bank A,Loan,JPY,Sell,2024-12-10,3149215.18,-18273.5,3.14921518,2024,12
802037,Bank C,Equity,USD,Buy,2024-11-30,3133699.73,53953.56,3.13369973,2024,11
976721,Bank D,Loan,EUR,Buy,2024-11-10,2435119.67,26635.58,2.4351196699999997,2024,11
743841,Bank A,Equity,USD,Buy,2025-07-10,314334.22,-80905.66,0.31433422,2025,7
118114,Bank B,Loan,USD,Buy,2025-05-21,2670502.59,45344.27,2.67050259,2025,5
721397,Bank B,Loan,USD,Sell,2025-08-02,211356.84,-64656.71,0.21135684,2025,8
413127,Bank D,Loan,USD,Buy,2025-08-05,242652.18,-42122.23,0.24265218,2025,8
661037,Bank A,Loan,USD,Buy,2025-05-20,289682.4,47864.8,0.2896824,2025,5
668562,Bank D,Bond,JPY,Sell,2025-03-26,2843764.81,-95629.62,2.84376481,2025,3
567751,Bank C,Equity,JPY,Sell,2025-08-20,3311460.43,-55748.64,3.3114604300000003,2025,8
238696,Bank C,Bond,GBP,Buy,2025-08-04,1005677.76,-90265.02,1.00567776,2025,8
457298,Bank D,Equity,USD,Sell,2025-01-30,4667106.63,-998.15,4.66710663,2025,1
723964,Bank C,Bond,EUR,Sell,2025-02-24,4790831.24,48343.52,4.79083124,2025,2
181525,Bank D,FX,JPY,Buy,2024-10-30,2000459.05,-92208.67,2.00045905,2024,10
599235,Bank A,Commodity,GBP,Buy,2025-04-02,1488210.32,-76306.64,1.48821032,2025,4
575340,Bank D,FX,JPY,Sell,2024-10-24,2433769.71,92715.03,2.43376971,2024,10
362674,Bank C,Bond,GBP,Sell,2025-04-12,3925683.44,-24458.0,3.92568344,2025,4
540073,Bank C,Bond,GBP,Sell,2024-12-12,414317.6,-83294.25,0.41431759999999995,2024,12
997877,Bank D,FX,EUR,Buy,2025-06-25,1155988.43,28317.73,1.1559884299999998,2025,6
238541,Bank C,Loan,JPY,Buy,2025-02-22,2120926.8,66157.94,2.1209268,2025,2
154379,Bank B,Commodity,GBP,Sell,2024-12-30,2431611.19,11369.3,2.43161119,2024,12
512762,Bank B,Equity,EUR,Buy,2024-10-10,4991146.66,-9133.54,4.99114666,2024,10
236621,Bank B,Commodity,EUR,Sell,2025-05-26,1794911.52,-25179.08,1.79491152,2025,5
401192,Bank D,Bond,EUR,Buy,2024-12-05,2167825.83,-32601.68,2.16782583,2024,12
329274,Bank A,FX,USD,Buy,2025-04-04,1880761.2,-22338.64,1.8807612,2025,4
632607,Bank D,Equity,JPY,Buy,2025-01-06,763110.53,27165.92,0.7631105300000001,2025,1
169139,Bank C,Loan,JPY,Sell,2025-07-30,3263138.86,82798.03,3.2631388599999998,2025,7
673087,Bank B,Commodity,JPY,Sell,2025-03-08,2898118.11,62171.69,2.89811811,2025,3
917055,Bank C,Bond,JPY,Sell,2025-07-09,4891391.99,-66575.68,4.89139199,2025,7
284199,Bank C,Equity,EUR,Sell,2025-03-03,3437648.65,12265.24,3.43764865,2025,3
979391,Bank C,Loan,USD,Sell,2025-05-26,4496512.96,59858.63,4.49651296,2025,5
223771,Bank A,Bond,JPY,Sell,2025-03-29,1379383.98,-49130.2,1.37938398,2025,3
181268,Bank B,Bond,USD,Sell,2024-12-28,1288248.03,61723.32,1.28824803,2024,12
150447,Bank C,Commodity,USD,Buy,2025-07-25,3557065.07,45676.31,3.5570650699999997,2025,7
666844,Bank B,Commodity,EUR,Sell,2025-03-25,1005078.04,-27056.49,1.0050780400000001,2025,3
742559,Bank B,Commodity,GBP,Buy,2025-04-15,3893647.63,60975.48,3.89364763,2025,4
308684,Bank A,FX,JPY,Buy,2025-05-07,4474793.59,61816.9,4.47479359,2025,5
651011,Bank D,Bond,GBP,Buy,2025-03-24,4884165.25,-65039.62,4.88416525,2025,3
521813,Bank B,Loan,GBP,Buy,2025-06-29,2919870.89,-90769.76,2.9198708900000003,2025,6
319615,Bank B,Bond,GBP,Sell,2025-04-23,3287013.88,-64956.81,3.28701388,2025,4
373772,Bank B,Loan,GBP,Buy,2025-04-14,2539676.93,94762.62,2.53967693,2025,4
936730,Bank C,Equity,USD,Sell,2025-07-31,3189558.45,-10970.0,3.1895584500000003,2025,7
505710,Bank C,Commodity,USD,Buy,2025-08-31,3013700.96,21759.72,3.01370096,2025,8
999108,Bank B,FX,USD,Buy,2025-07-09,1814708.35,-2525.36,1.81470835,2025,7
965004,Bank D,Equity,GBP,Buy,2024-09-22,1356277.1,-84897.02,1.3562771,2024,9
234505,Bank D,Loan,EUR,Sell,2025-05-12,4039545.75,-36622.36,4.03954575,2025,5
124317,Bank B,Loan,JPY,Sell,2024-10-13,2129795.21,46433.19,2.12979521,2024,10
243964,Bank D,FX,USD,Buy,2025-09-01,3164874.62,-45384.67,3.16487462,2025,9
479646,Bank D,FX,GBP,Buy,2024-10-03,2580278.95,-82969.24,2.5802789500000003,2024,10
374221,Bank B,Bond,GBP,Buy,2025-07-30,999173.93,-9607.78,0.9991739300000001,2025,7
551566,Bank B,Loan,JPY,Buy,2025-07-01,1261043.27,99680.78,1.26104327,2025,7
593153,Bank B,Commodity,JPY,Sell,2024-09-29,4810299.61,65016.38,4.81029961,2024,9
143041,Bank B,Commodity,JPY,Buy,2025-07-19,1015729.24,18112.29,1.01572924,2025,7
741294,Bank C,Bond,EUR,Buy,2024-12-20,987860.62,75527.41,0.98786062,2024,12
309098,Bank A,Equity,USD,Buy,2024-12-26,225106.12,6309.93,0.22510612,2024,12
187774,Bank B,Bond,EUR,Buy,2025-03-28,2024097.16,59911.37,2.0240971599999997,2025,3
462568,Bank C,Bond,GBP,Sell,2025-07-20,3531195.56,-97982.94,3.53119556,2025,7
993866,Bank C,FX,EUR,Buy,2025-09-08,1103227.5,1395.91,1.1032275,2025,9
754794,Bank C,Commodity,JPY,Sell,2025-09-14,3260256.21,11699.29,3.26025621,2025,9
884439,Bank C,FX,EUR,Buy,2024-12-21,1886671.93,-84057.79,1.8866719299999999,2024,12
900550,Bank A,FX,GBP,Sell,2025-04-17,3652045.62,96836.29,3.65204562,2025,4
282580,Bank B,Commodity,JPY,Buy,2025-06-21,3654517.97,92466.44,3.65451797,2025,6
453360,Bank D,Loan,JPY,Buy,2025-02-18,3634433.36,63656.53,3.63443336,2025,2
347245,Bank A,Bond,USD,Sell,2025-05-31,4166112.57,-46625.34,4.16611257,2025,5
486914,Bank C,FX,JPY,Sell,2025-07-29,3095467.3,31311.81,3.0954672999999997,2025,7
835164,Bank B,Equity,GBP,Buy,2025-08-18,1063867.65,-58102.2,1.06386765,2025,8
104505,Bank D,Commodity,USD,Sell,2025-01-26,3440570.18,-99418.79,3.4405701800000004,2025,1
185777,Bank D,Loan,EUR,Sell,2024-11-01,3758078.8,83986.67,3.7580788,2024,11
760624,Bank B,Commodity,JPY,Sell,2025-09-06,4858187.64,-70623.31,4.85818764,2025,9
178518,Bank C,Equity,GBP,Sell,2024-11-13,4028284.01,89745.31,4.02828401,2024,11
311484,Bank D,Equity,GBP,Buy,2025-05-29,2534557.8,78633.59,2.5345578,2025,5
777395,Bank B,Bond,JPY,Buy,2025-08-21,2865735.27,-5437.12,2.86573527,2025,8
622930,Bank D,Equity,USD,Sell,2025-04-25,4123605.12,-92489.81,4.12360512,2025,4
209036,Bank C,Equity,JPY,Buy,2025-03-23,3404928.35,40563.48,3.40492835,2025,3
378603,Bank D,Loan,EUR,Buy,2025-08-05,1876995.62,-13726.12,1.8769956200000002,2025,8
181571,Bank B,Commodity,JPY,Sell,2024-10-13,1345253.12,32604.47,1.3452531200000002,2024,10
919830,Bank D,Commodity,JPY,Sell,2025-01-05,4118866.24,94984.64,4.11886624,2025,1
307101,Bank B,Commodity,USD,Sell,2025-01-05,2944802.37,61224.55,2.94480237,2025,1
725724,Bank C,Commodity,GBP,Sell,2025-01-29,2007104.12,-1898.13,2.00710412,2025,1
113118,Bank B,Equity,USD,Sell,2024-09-26,3806085.8,70640.38,3.8060858,2024,9
915204,Bank C,FX,GBP,Buy,2025-07-18,1838904.99,-80458.06,1.83890499,2025,7
693034,Bank D,FX,JPY,Buy,2025-02-05,2864284.03,88573.25,2.86428403,2025,2
772806,Bank B,Bond,USD,Buy,2025-06-04,4272387.24,-30980.04,4.2723872400000005,2025,6
125648,Bank B,Commodity,USD,Buy,2025-07-13,1174474.03,-80501.87,1.17447403,2025,7
203106,Bank B,Commodity,JPY,Sell,2025-02-27,2274815.98,85401.53,2.27481598,2025,2
623457,Bank A,Bond,EUR,Buy,2024-11-21,813988.09,-81018.09,0.8139880899999999,2024,11
525940,Bank C,FX,EUR,Sell,2024-11-30,1748815.96,82221.27,1.74881596,2024,11
506364,Bank A,Bond,EUR,Sell,2024-12-16,316892.2,-31497.91,0.3168922,2024,12
516800,Bank D,FX,EUR,Sell,2025-06-10,4381142.75,16758.27,4.38114275,2025,6
525154,Bank A,Commodity,EUR,Sell,2025-08-26,3012393.66,26815.12,3.0123936600000003,2025,8
654605,Bank B,FX,USD,Sell,2025-01-19,4025332.59,37538.1,4.02533259,2025,1
236747,Bank A,Loan,USD,Sell,2024-09-21,4175929.65,22341.32,4.17592965,2024,9
247820,Bank C,Loan,EUR,Sell,2024-10-04,2466336.41,65278.85,2.4663364100000003,2024,10
745835,Bank A,Commodity,GBP,Sell,2025-05-26,3848709.31,91019.63,3.8487093100000003,2025,5
235881,Bank C,Equity,EUR,Sell,2024-11-17,3315398.17,-34960.23,3.31539817,2024,11
819608,Bank C,Commodity,USD,Sell,2025-04-10,3715467.54,-48276.18,3.71546754,2025,4
148651,Bank C,Loan,GBP,Buy,2025-09-12,4851098.95,91371.42,4.85109895,2025,9
234581,Bank D,Bond,JPY,Sell,2025-02-05,4000778.15,-74786.22,4.0007781499999995,2025,2
657736,Bank A,FX,USD,Sell,2025-05-13,2530375.24,41922.06,2.53037524,2025,5
565158,Bank C,Equity,GBP,Buy,2025-02-17,1197785.44,-25244.17,1.1977854399999999,2025,2
604586,Bank A,Equity,USD,Sell,2024-12-21,3678179.85,69740.7,3.6781798500000003,2024,12
810825,Bank D,Bond,GBP,Buy,2025-02-22,3640781.47,-47833.65,3.6407814700000003,2025,2
901118,Bank C,Loan,EUR,Sell,2025-09-04,1928073.76,70017.13,1.92807376,2025,9
250854,Bank D,Loan,GBP,Sell,2025-07-26,2091902.56,-66904.86,2.09190256,2025,7
320999,Bank C,Loan,JPY,Sell,2025-02-14,3959012.88,-41317.23,3.95901288,2025,2
421397,Bank C,Loan,JPY,Sell,2025-01-22,3970983.46,80539.87,3.97098346,2025,1
786393,Bank A,Loan,JPY,Sell,2025-06-23,3175235.16,-58653.82,3.17523516,2025,6
199805,Bank B,FX,EUR,Buy,2025-07-10,939959.68,37527.46,0.9399596800000001,2025,7
414532,Bank D,Equity,GBP,Buy,2024-12-20,3461972.64,65689.03,3.46197264,2024,12
