trade_id,counterparty,asset_class,currency,trade_type,trade_date,notional,pnl
641347,Bank A,Bond,GBP,Buy,2025-04-29,762119.1213943325,-8038.591556637862
953494,Bank A,Equity,JPY,Sell,2025-07-08,1602173.8701732059,-3090.02174491386
224171,Bank C,Equity,JPY,Sell,2025-06-19,2747370.2195894383,-11128.49070640977
982821,Bank D,Bond,JPY,Buy,2025-09-11,2304175.3788878657,-30902.02521730547
311770,Bank B,Bond,GBP,Sell,2025-09-19,3495867.497001176,2561.61976754196
174805,Bank B,Equity,USD,Sell,2025-08-15,1833805.0297817744,-11003.218889920205
911287,Bank C,Equity,GBP,Buy,2025-08-28,325683.81203422905,1612.4328113923598
915519,Bank B,Bond,EUR,Sell,2025-06-19,1489418.510821292,3766.2793383572503
513743,Bank A,Commodity,USD,Sell,2025-05-28,407738.63332698436,3275.83000923798
377838,Bank D,Bond,USD,Buy,2025-05-08,539101.5667874453,3741.6894347984635
519672,Bank A,FX,USD,Buy,2025-06-30,3009138.12132803,63067.33158333883
906181,Bank A,Bond,JPY,Buy,2025-09-09,3259516.761588343,70809.8427355239
363677,Bank A,Equity,EUR,Sell,2025-07-30,2074080.0138308443,-65274.46600333081
332326,Bank A,Equity,EUR,Sell,2025-09-12,3775822.7796754525,-95281.98115260011
771857,Bank B,Equity,JPY,Buy,2025-09-11,456267.94574969914,2227.0813305063098
767625,Bank A,FX,EUR,Buy,2025-09-18,2713606.954391302,85715.93224591202
234761,Bank D,Commodity,EUR,Sell,2025-09-02,745761.4838307494,-10954.805125670495
783304,Bank D,FX,USD,Buy,2025-06-26,1565765.8904483514,-15224.745527520554
319882,Bank D,Equity,JPY,Buy,2025-07-07,431369.4710549143,18187.287729516458
548441,Bank C,Equity,USD,Buy,2025-06-02,2521723.1919676038,-41403.41340587829
599735,Bank A,Equity,JPY,Sell,2025-04-07,1434242.459109949,5506.3117311553915
383688,Bank B,Equity,USD,Buy,2025-04-29,3668027.5718717603,-156861.40834432252
967052,Bank A,Bond,GBP,Sell,2025-04-18,2860927.4195813844,75658.87683724938
229537,Bank D,Bond,EUR,Buy,2025-08-07,387426.0904422294,-3781.619115001691
784373,Bank C,FX,JPY,Buy,2025-07-17,3201013.955075342,-123154.71400672379
548055,Bank A,Equity,EUR,Buy,2025-04-07,2501975.0373048866,-36217.417720368874
421527,Bank A,Bond,EUR,Sell,2025-04-11,1303588.2161519101,10044.650449879273
706011,Bank B,Bond,GBP,Buy,2025-07-22,1178949.028664547,-35427.41692243659
594200,Bank A,Equity,USD,Buy,2025-05-07,788669.7271496976,9756.171841122079
911618,Bank D,Bond,GBP,Sell,2025-08-20,1335380.9744059008,-4393.437170443202
446313,Bank B,FX,USD,Buy,2025-09-01,3530535.1112577,41045.37973107238
804646,Bank C,Bond,USD,Buy,2025-08-01,2350013.5545203243,-26479.228351714384
734990,Bank C,FX,USD,Sell,2025-05-20,2085176.6546934259,1845.7286730038793
434143,Bank A,FX,JPY,Buy,2025-07-03,2553465.4702627645,24449.570002147342
224012,Bank B,FX,JPY,Sell,2025-06-10,1772250.564001563,9251.724779156142
560813,Bank B,Equity,JPY,Sell,2025-04-28,850690.1319780155,-2155.845244031086
977005,Bank A,Bond,USD,Buy,2025-09-12,3965532.150943351,28968.129544244606
286623,Bank A,Equity,USD,Sell,2025-09-10,2257752.02376925,-5600.103561570511
789617,Bank B,FX,USD,Buy,2025-05-27,1740942.6869307098,-51336.584064500006
243175,Bank D,Equity,JPY,Buy,2025-06-23,2129316.2162189907,46495.36279114462
447363,Bank A,Equity,JPY,Sell,2025-08-11,2517674.3947050865,15218.044318744582
887364,Bank A,Bond,JPY,Sell,2025-07-28,1587400.627576489,-7024.380018356447
771465,Bank D,Equity,JPY,Buy,2025-06-03,783592.6465299831,10952.849627118308
828279,Bank A,Bond,USD,Sell,2025-09-01,1902494.9430751153,77031.33290639197
970848,Bank D,FX,GBP,Sell,2025-05-12,2758933.505732413,69656.46567525092
748590,Bank A,Equity,USD,Buy,2025-05-30,2828028.622551767,-914.8997515851128
249481,Bank B,Commodity,JPY,Buy,2025-04-18,806915.6344456985,-6965.302678440589
251488,Bank B,Equity,GBP,Sell,2025-08-04,1716043.9169787036,1550.102856934192
624851,Bank A,Equity,JPY,Buy,2025-08-27,3620105.440141436,39154.98742635515
529853,Bank D,FX,JPY,Buy,2025-06-03,1709797.2277196667,11677.351817476492
321418,Bank A,FX,JPY,Buy,2025-07-10,1972621.540856536,52508.02108274521
692673,Bank B,Equity,JPY,Buy,2025-07-02,243061.13836875476,-5567.318334082681
474282,Bank C,FX,USD,Sell,2025-08-05,268118.23685314914,1032.8359281786434
160538,Bank C,Equity,USD,Buy,2025-08-20,1624023.6777507511,-20603.93861004779
429109,Bank C,FX,USD,Buy,2025-07-17,2396514.941557645,-1683.7954669853448
448651,Bank B,Equity,JPY,Buy,2025-06-11,2306024.1672473853,121693.35758133925
690660,Bank D,Equity,JPY,Buy,2025-08-28,1017181.3134647676,-3524.807495933993
839387,Bank C,Commodity,USD,Sell,2025-09-09,686582.0685855462,4671.228785159144
718878,Bank A,Equity,JPY,Buy,2025-09-17,2150715.8644818706,-3338.558966623764
143855,Bank A,Bond,USD,Buy,2025-08-01,2944640.3396700653,59884.926818653264
845296,Bank B,Equity,EUR,Buy,2025-07-15,318603.1231279909,-15769.347917981497
210042,Bank A,FX,JPY,Sell,2025-06-24,1009338.0083013814,-23449.13275753361
441364,Bank C,Equity,JPY,Buy,2025-06-02,1678469.752133648,7377.04118310855
352698,Bank A,Commodity,GBP,Buy,2025-05-07,2781197.271151972,-6520.358189226576
743204,Bank B,Equity,JPY,Sell,2025-08-22,2532416.86657311,-29776.252791885745
736146,Bank A,FX,USD,Sell,2025-07-25,3163240.3164023627,-47383.68220909975
725988,Bank A,FX,USD,Sell,2025-09-18,2791103.0483776983,-5295.626990750941
534472,Bank B,Bond,EUR,Sell,2025-05-21,3757153.951013458,-36968.80983091856
934148,Bank B,Equity,EUR,Buy,2025-07-18,3240908.1449761065,-48633.94399768826
827953,Bank B,Bond,GBP,Sell,2025-06-18,780105.0626447818,11755.868058659962
850213,Bank C,Equity,EUR,Sell,2025-06-26,3854522.3759541553,46845.34888044567
678226,Bank C,Equity,EUR,Sell,2025-07-31,2147222.007810071,-63679.86867434009
901701,Bank C,Equity,JPY,Buy,2025-05-14,2005887.5266542428,4757.140950779941
382603,Bank B,Commodity,EUR,Sell,2025-09-10,2460151.692020484,89542.12729748919
795221,Bank A,Commodity,GBP,Sell,2025-07-24,2893655.0023655607,28513.707651226676
305703,Bank B,Bond,USD,Buy,2025-07-09,2770721.793649208,-95051.81508200613
836164,Bank D,Equity,EUR,Sell,2025-08-19,3612714.8635237017,-53490.35313148699
305475,Bank A,Equity,USD,Buy,2025-05-30,638523.6894865122,3395.25484870994
424972,Bank A,Commodity,EUR,Sell,2025-08-13,1927234.7282449834,92099.76622525469
581792,Bank D,Equity,EUR,Buy,2025-06-16,1284810.335594176,41868.601301432136
617503,Bank B,Equity,GBP,Buy,2025-09-02,1442072.4028326133,39073.848023152575
151404,Bank A,Equity,GBP,Sell,2025-04-09,2608212.19938074,54998.951102544655
927999,Bank D,Equity,JPY,Buy,2025-05-05,2171689.7586142337,-42213.158269887586
529321,Bank D,Equity,USD,Buy,2025-07-15,1293938.4296834546,-15371.469505367759
807843,Bank D,Bond,GBP,Sell,2025-05-28,1461049.2514269457,33894.91880849801
577066,Bank B,Equity,EUR,Sell,2025-04-24,2832771.40294355,-46808.01828079328
929461,Bank A,Bond,JPY,Sell,2025-09-10,3905819.891381618,13506.962949704346
905986,Bank D,Equity,EUR,Buy,2025-08-28,3531343.4676380996,56070.61496827077
740220,Bank C,FX,JPY,Sell,2025-04-21,3888458.416778387,-131997.07105563933
959220,Bank A,Bond,EUR,Sell,2025-05-12,1376648.8231370216,-42872.78900084883
521446,Bank B,Bond,JPY,Sell,2025-06-04,1236651.5432442187,-605.410287405892
414062,Bank B,Equity,JPY,Sell,2025-08-21,805809.7811061778,5505.234069408934
858784,Bank D,Equity,USD,Buy,2025-07-30,3576241.6679474697,-96468.62598494095
990514,Bank A,FX,USD,Sell,2025-09-12,3058791.1760128024,-12967.288638171807
230150,Bank D,Bond,USD,Sell,2025-09-09,1704353.0205949787,-20811.933166503906
116830,Bank C,Equity,EUR,Buy,2025-04-10,2464326.928467963,-78838.68518784312
760510,Bank D,Bond,JPY,Sell,2025-04-17,509444.6545654422,-9355.074054038
810836,Bank D,Equity,JPY,Buy,2025-07-03,226398.7292959934,5771.804272580498
334966,Bank B,Equity,USD,Buy,2025-04-14,1513585.2269507956,-34906.16367851267
646147,Bank A,Equity,EUR,Sell,2025-08-22,636952.9034044356,-10070.527466459846
246491,Bank A,Equity,USD,Buy,2025-09-12,996272.8171411144,-35625.97371936329
427481,Bank B,Bond,GBP,Buy,2025-06-04,559753.9004254218,1239.4193605458313
883980,Bank A,Bond,EUR,Sell,2025-07-21,972290.1375487667,6711.435492861237
427234,Bank A,Equity,JPY,Sell,2025-09-16,518779.112688601,582.5486669809525
565026,Bank C,Bond,USD,Sell,2025-09-01,630657.1194100077,16248.501271943724
982091,Bank C,Bond,USD,Sell,2025-05-29,2431627.3882775432,7221.133122905912
642062,Bank C,Equity,GBP,Buy,2025-08-25,1564057.435525218,-3816.120827813547
745350,Bank A,FX,GBP,Sell,2025-04-11,1294505.5492426518,13719.831075776883
855280,Bank A,Bond,EUR,Sell,2025-09-03,3748436.8424707693,-7690.305457677681
582670,Bank C,Equity,JPY,Buy,2025-06-17,2253328.0821762187,13820.024564540076
740003,Bank B,Equity,EUR,Buy,2025-04-18,1749023.0298263056,85351.51166145697
974786,Bank B,FX,USD,Buy,2025-09-15,3509069.0785165243,-162374.33651966264
726435,Bank A,Equity,JPY,Buy,2025-09-12,3830126.040997099,86885.80585750264
292281,Bank C,FX,EUR,Sell,2025-08-26,1449146.594658525,24979.99648860519
669692,Bank A,Bond,GBP,Buy,2025-07-14,3399268.087191356,16151.606669785926
336395,Bank D,Equity,JPY,Buy,2025-04-10,1901259.2753511278,65153.80307489916
621603,Bank B,FX,GBP,Sell,2025-07-24,1682080.6616731335,-29977.127823119874
922773,Bank C,FX,USD,Sell,2025-05-27,1853603.0260628473,5390.048650173286
819573,Bank D,FX,JPY,Buy,2025-07-25,1859448.80935427,3908.1297091847628
584782,Bank A,FX,USD,Buy,2025-08-22,1626744.0253962232,-35700.58699070299
126077,Bank C,FX,USD,Buy,2025-04-28,3121306.352122722,-47661.51194970379
612971,Bank C,FX,GBP,Buy,2025-07-22,3654839.829236791,148997.17474879834
624078,Bank C,Equity,EUR,Buy,2025-06-27,651027.4064679461,5898.492297019208
671761,Bank A,Equity,GBP,Sell,2025-08-05,2444048.2478747647,-51539.21159083587
171363,Bank A,Equity,JPY,Buy,2025-04-16,499417.77518514753,9828.841242657032
786792,Bank A,Equity,JPY,Buy,2025-08-05,3018864.111990783,-87927.52515423186
167482,Bank B,Bond,GBP,Buy,2025-09-02,2417569.698024624,35936.529305916214
612692,Bank A,FX,JPY,Sell,2025-06-11,394121.0763910349,992.5653623776005
584762,Bank B,Bond,USD,Sell,2025-05-26,2485380.6677282616,80131.56134791061
619145,Bank A,Bond,USD,Buy,2025-06-09,2584958.7891671862,-30157.126878626368
175052,Bank B,Bond,EUR,Buy,2025-06-11,1920722.8469625611,-43298.55276920612
212511,Bank C,Bond,GBP,Buy,2025-05-06,435695.5406068283,-8990.678740577017
503078,Bank A,Equity,GBP,Buy,2025-09-16,325349.97068848374,-4319.900382306495
299985,Bank A,Bond,USD,Sell,2025-08-11,1540438.764678573,35905.588951817714
638366,Bank B,Bond,JPY,Sell,2025-07-14,1220626.8763986868,-19742.36681611616
646635,Bank B,Equity,GBP,Buy,2025-06-12,1382794.708052954,60072.90253551698
565204,Bank C,Equity,EUR,Sell,2025-07-24,2567773.4426091895,14196.026632084673
181695,Bank B,Commodity,USD,Sell,2025-06-27,1858346.596789924,26042.07934765234
606155,Bank B,Equity,GBP,Buy,2025-08-18,3483375.4420673717,-63894.20732765595
574751,Bank B,Bond,EUR,Sell,2025-04-30,366143.8014977688,-1423.048425851879
757010,Bank B,FX,JPY,Buy,2025-07-21,244431.96302017462,983.5551305749801
667903,Bank B,Equity,JPY,Buy,2025-04-07,1364337.1966324127,13479.039997692935
453957,Bank C,Equity,EUR,Sell,2025-07-24,2015462.6963405656,2138.9342480294745
879623,Bank C,Commodity,GBP,Sell,2025-08-04,3616411.5680472297,6570.265897620747
234459,Bank C,Equity,JPY,Sell,2025-06-13,2610198.373648317,-90157.81065957656
296702,Bank B,FX,EUR,Sell,2025-04-24,3984039.0813384852,21444.718108374196
971479,Bank B,Commodity,JPY,Sell,2025-06-20,711034.443453805,-711.4887557659281
824418,Bank A,Commodity,JPY,Buy,2025-08-06,3092673.0712022344,15488.016482478357
342583,Bank B,FX,GBP,Buy,2025-05-19,369936.53168249386,2122.605708502322
591216,Bank C,Equity,USD,Buy,2025-07-29,3045264.7683873717,1323.7302976561232
624447,Bank A,Equity,USD,Sell,2025-07-21,3062201.68533409,86283.39629843045
408360,Bank C,Bond,GBP,Buy,2025-07-18,3482219.674184306,-28602.982740966254
424791,Bank C,Equity,GBP,Buy,2025-07-09,1547226.63409758,48832.42865183124
210852,Bank B,Bond,GBP,Buy,2025-09-22,1758302.4117606855,5379.64982816497
894077,Bank A,Bond,USD,Sell,2025-04-25,317330.7736481118,-6630.8861344289035
174961,Bank B,Bond,EUR,Sell,2025-06-12,1783751.6454647626,-28738.527638238476
538029,Bank A,Equity,USD,Sell,2025-05-09,3074271.357274366,39298.09247155173
477735,Bank B,FX,EUR,Buy,2025-09-08,3736470.9621494287,-59353.50975636029
936272,Bank B,Bond,GBP,Buy,2025-06-18,3654719.8524116855,-13027.771730307895
716523,Bank C,Bond,GBP,Buy,2025-05-22,2412696.9661942353,69144.78087075759
536988,Bank C,Bond,GBP,Sell,2025-07-14,1941136.5859881283,-14506.098131764702
792378,Bank C,Equity,USD,Buy,2025-07-21,509432.3859370441,13380.935432663307
397182,Bank B,Bond,JPY,Buy,2025-06-26,3123061.6917897006,85658.77647475767
864745,Bank C,Equity,GBP,Sell,2025-07-10,2778660.1298474222,-84015.97241158379
766172,Bank D,Equity,USD,Sell,2025-05-02,665120.0835750675,-1849.8686961665742
910341,Bank D,Commodity,GBP,Buy,2025-06-11,3367804.8107484616,13886.702251868815
574786,Bank A,Bond,GBP,Sell,2025-08-14,1087117.3288059304,-21874.546426956964
464008,Bank D,Equity,JPY,Sell,2025-08-06,3981382.2862028438,-49073.44686579591
460655,Bank C,Equity,EUR,Buy,2025-07-15,1968597.791591559,-34432.64549426208
672399,Bank B,Bond,USD,Sell,2025-05-08,2331965.075286736,5773.213850613181
140943,Bank D,Equity,JPY,Sell,2025-06-25,1210230.2228260692,9602.880005617037
419195,Bank B,Equity,GBP,Sell,2025-08-21,1303631.7412930315,-1479.9786914233493
485957,Bank A,Commodity,GBP,Buy,2025-05-21,3153994.821155402,54788.95054647862
338117,Bank C,FX,JPY,Buy,2025-06-06,2390466.7764234147,-65127.168953268396
336082,Bank B,Equity,JPY,Sell,2025-04-07,3220209.7483612886,-76336.64720533378
873752,Bank B,FX,USD,Sell,2025-07-28,2961113.7855495424,-69252.92624577034
466297,Bank D,FX,GBP,Buy,2025-06-04,325723.7562570108,115.50321769499084
568133,Bank C,Equity,GBP,Sell,2025-07-03,309729.77270261757,1396.3288176571214
446299,Bank A,Equity,GBP,Sell,2025-05-21,452437.1752938647,-2391.597079868942
333239,Bank D,Equity,JPY,Buy,2025-04-24,202225.93919083985,-1807.6160237926624
647874,Bank C,Bond,USD,Sell,2025-09-19,2534990.673993182,19266.791648070637
295975,Bank C,Bond,USD,Buy,2025-06-13,1103166.5718532056,-22359.240339355558
816967,Bank B,Equity,USD,Sell,2025-08-01,3438257.4273155876,-48837.59912480757
599674,Bank B,Bond,GBP,Sell,2025-06-12,3791757.183657268,17411.08858034087
271212,Bank D,Equity,GBP,Sell,2025-08-28,1154101.8286821167,-4042.176668956408
539610,Bank D,Bond,JPY,Sell,2025-05-23,3917802.6938852174,-47614.7195495952
359154,Bank A,Equity,EUR,Buy,2025-06-16,3103411.7717768005,59673.61371882981
391372,Bank A,Equity,GBP,Sell,2025-07-02,3126854.1105975905,-72996.519485482
892197,Bank C,Commodity,JPY,Buy,2025-05-22,2910287.2749887253,7237.94239808138
240443,Bank D,Equity,GBP,Buy,2025-06-19,1606915.2258286595,9573.560781734292
712124,Bank D,Bond,EUR,Sell,2025-08-29,738380.2004983117,15249.442830432425
683825,Bank B,FX,GBP,Sell,2025-06-04,2565381.584789466,36495.95221112932
875517,Bank D,FX,USD,Sell,2025-07-29,3014284.2113383687,51065.01851396001
931060,Bank A,Equity,EUR,Buy,2025-06-18,1360246.7318268586,-3356.8518365917375
819180,Bank C,Equity,JPY,Buy,2025-05-09,3026715.4302890496,-17066.330095254012
662401,Bank C,Equity,JPY,Sell,2025-04-10,2902805.4619918563,1254.7122444049019
661050,Bank A,FX,GBP,Buy,2025-09-17,2293630.479882544,-69386.76237660302
315779,Bank B,FX,GBP,Buy,2025-08-05,1375440.8251449736,-32838.44573211761
209744,Bank D,Bond,EUR,Buy,2025-08-26,590480.8237865325,15814.078816702702
549900,Bank D,Equity,JPY,Buy,2025-05-29,1283163.2044021492,49739.10238144764
588306,Bank D,Equity,JPY,Buy,2025-07-25,436129.0728937515,15113.68906217767
772490,Bank A,Bond,GBP,Buy,2025-08-22,2465877.7537532086,18659.901647666717
720614,Bank D,Equity,GBP,Sell,2025-05-23,2385704.0835783426,-84196.61878672571
793504,Bank D,Equity,EUR,Buy,2025-08-28,1902700.4535049428,-39871.43808409117
500428,Bank B,FX,JPY,Sell,2025-08-13,2850678.163093766,-37721.28103094804
995345,Bank B,Equity,USD,Buy,2025-09-17,1790180.2529241152,-54089.89081009016
778465,Bank B,Commodity,JPY,Sell,2025-08-12,1309027.0212847816,11194.994558949651
921059,Bank D,FX,GBP,Buy,2025-08-11,3016653.321571796,-18847.246982715274
318284,Bank A,Bond,JPY,Buy,2025-06-16,3756026.402539548,62642.094167329626
704300,Bank C,FX,JPY,Buy,2025-07-23,660831.7442250075,-7627.522468562884
371354,Bank C,Bond,USD,Buy,2025-09-04,1500914.4665901444,22356.341376023127
454655,Bank D,Equity,GBP,Buy,2025-09-15,1158720.1052247838,11900.05003717607
231445,Bank D,Bond,JPY,Sell,2025-08-19,839322.5780531199,23326.154578729995
441657,Bank B,Equity,GBP,Buy,2025-07-14,1609493.7230278167,10561.255459843049
140931,Bank C,Equity,GBP,Sell,2025-05-23,463316.9930440762,-1266.8610345569484
270934,Bank C,Commodity,GBP,Sell,2025-07-09,695123.1125746308,-5669.420949991557
627858,Bank C,Equity,EUR,Sell,2025-09-04,676645.7509818589,-4732.91714826281
110292,Bank B,Commodity,JPY,Buy,2025-08-05,2556515.0468783835,-5891.910542983313
409456,Bank B,Commodity,GBP,Buy,2025-05-09,743505.5529162268,-11693.053924977688
524394,Bank D,FX,GBP,Buy,2025-06-27,688331.8316981916,22022.270216615158
466976,Bank A,Commodity,USD,Buy,2025-08-29,2624964.3194204685,60837.185179455955
951663,Bank A,Commodity,USD,Buy,2025-04-25,3365360.0353560764,60145.329820895786
758700,Bank C,Bond,JPY,Buy,2025-06-18,757003.2877191926,16173.926392149775
783330,Bank B,Equity,EUR,Sell,2025-07-03,3958120.179325516,-11792.975498123087
201296,Bank C,Equity,GBP,Buy,2025-09-04,1263797.5640650552,-19882.981947696007
485194,Bank A,Commodity,USD,Buy,2025-06-04,3627729.490383564,-21332.43458761335
762910,Bank D,Commodity,JPY,Buy,2025-08-19,3853056.799588102,-26956.48465886888
403897,Bank D,Equity,EUR,Buy,2025-04-24,1719253.922679122,25950.553087398213
309435,Bank D,FX,USD,Buy,2025-07-07,485171.8482028186,11174.533810817627
236001,Bank A,Equity,JPY,Sell,2025-04-16,3690431.7004187065,-47477.08483500872
740025,Bank D,Equity,JPY,Buy,2025-07-10,1892989.6044516293,83839.55783221901
629070,Bank B,Equity,JPY,Sell,2025-07-04,3984103.1541034286,82942.71047073686
284242,Bank B,Equity,USD,Buy,2025-07-11,1148831.5554029106,12766.601102040442
365402,Bank A,Bond,GBP,Buy,2025-06-25,2037636.631321548,58585.260030650556
608142,Bank B,Equity,USD,Sell,2025-09-17,235299.27462331392,-5104.342929393957
326723,Bank C,Equity,EUR,Sell,2025-06-26,1371112.3112780214,-16911.53454456793
339304,Bank C,Equity,USD,Buy,2025-07-23,2244184.937768217,26896.209400829233
126393,Bank A,Equity,USD,Buy,2025-07-17,831616.7244503277,-17141.257178291387
621865,Bank D,Commodity,EUR,Sell,2025-06-03,2893706.4697407656,36305.77696228791
517818,Bank C,Equity,EUR,Sell,2025-08-06,1038672.2062489562,9395.732879464467
256443,Bank D,Bond,GBP,Buy,2025-09-03,1266160.3611313023,15707.395535959533
523251,Bank B,Commodity,GBP,Sell,2025-05-07,3682864.5773930144,-122788.4107856753
203925,Bank D,Equity,USD,Sell,2025-07-03,409725.24223948666,13854.634871019987
906991,Bank C,FX,JPY,Buy,2025-07-02,3488746.836788406,-213121.24957459472
863006,Bank C,Bond,GBP,Buy,2025-04-23,230877.56583127516,2982.3343284385687
211774,Bank C,FX,USD,Buy,2025-05-02,2576647.6815200504,37137.79460891879
689310,Bank C,Bond,JPY,Buy,2025-09-08,1912720.842704715,-34253.62994502765
748049,Bank C,Bond,JPY,Sell,2025-08-05,3639789.2246047254,-77913.80182835065
436123,Bank A,Bond,GBP,Buy,2025-08-28,2017611.3739318396,47643.98707713587
282097,Bank D,Equity,EUR,Sell,2025-04-14,3879144.549784101,85462.01725291467
654373,Bank A,Bond,JPY,Sell,2025-06-13,953422.1607993775,12974.894164382855
459637,Bank D,Equity,JPY,Buy,2025-06-06,3231728.470944217,110281.6242138815
867648,Bank B,Bond,JPY,Sell,2025-07-01,1501305.7672686912,-35224.6607915424
814216,Bank B,FX,JPY,Sell,2025-06-11,3329407.443808375,9282.517111045034
737127,Bank C,Equity,EUR,Buy,2025-05-29,2334917.1887169136,1685.1716850150617
667647,Bank B,Bond,JPY,Sell,2025-08-28,1157670.765480235,-10585.38507742125
439356,Bank C,Bond,JPY,Buy,2025-06-03,2315097.2631483963,56412.208199502275
354623,Bank D,Equity,EUR,Buy,2025-07-16,594583.1170291025,1728.449179220797
616392,Bank D,FX,GBP,Sell,2025-09-04,1455559.5682792019,-33949.697926363755
934836,Bank A,Equity,USD,Sell,2025-06-25,2273603.6230344586,-16753.963552762612
507265,Bank C,Bond,USD,Buy,2025-06-30,585096.644908658,-11577.966784415674
349228,Bank C,Equity,EUR,Sell,2025-07-02,716363.6552063306,-14718.670201971696
370465,Bank D,Equity,GBP,Sell,2025-06-30,1769144.153438553,12074.76065811331
297645,Bank D,Equity,GBP,Sell,2025-08-12,1420961.3223338525,11186.182786411871
974503,Bank D,Equity,GBP,Sell,2025-07-07,2588395.1148587386,-518.8666598578109
454661,Bank C,FX,GBP,Buy,2025-09-03,701765.9257680969,-21571.464811199774
152823,Bank B,FX,JPY,Buy,2025-05-01,1723164.6590564079,-10922.696051782086
283654,Bank C,Bond,GBP,Sell,2025-05-26,2164730.4102816326,-53806.06024894079
246723,Bank D,FX,JPY,Sell,2025-09-05,2397377.8080620114,-83490.15906607917
319538,Bank A,Equity,GBP,Buy,2025-05-28,1507698.98372403,32433.830590240384
433528,Bank C,Equity,USD,Buy,2025-07-22,515963.0169900958,18356.68166508165
489904,Bank C,Commodity,EUR,Sell,2025-05-30,2782721.0238305163,-54702.79845761261
246396,Bank C,Equity,JPY,Buy,2025-08-08,3984182.4209316755,-32734.226630375968
173532,Bank D,Equity,GBP,Sell,2025-06-16,2709013.3104317426,10555.876727722796
474000,Bank D,FX,USD,Sell,2025-07-02,3003774.1301942645,-59211.599644177026
718878,Bank C,Commodity,USD,Sell,2025-09-15,3961912.842828997,-49405.50995668862
790137,Bank B,Bond,EUR,Sell,2025-06-16,469482.42027820117,-11112.820609005514
299440,Bank B,FX,EUR,Buy,2025-05-12,3327858.9111464657,-4127.3472620924595
142629,Bank B,Equity,USD,Sell,2025-09-02,1418343.273215927,-14144.728898530406
860356,Bank B,Equity,USD,Buy,2025-05-30,1284990.0892523597,-14050.936216421453
397170,Bank B,Bond,JPY,Sell,2025-05-08,1405801.6342089686,15284.249373403818
556203,Bank A,Equity,EUR,Sell,2025-08-05,3994744.6371480827,72883.83118285422
704265,Bank C,Bond,EUR,Sell,2025-04-23,3968970.2674073535,105677.91307524951
294419,Bank B,FX,USD,Buy,2025-06-27,3615948.827047877,-20741.154261018062
249049,Bank D,Commodity,USD,Sell,2025-07-25,1297548.8263520177,-5423.12662905418
787923,Bank D,FX,GBP,Buy,2025-08-25,3946306.3181670094,-86187.30981573326
142131,Bank D,FX,JPY,Sell,2025-04-15,3384317.0318114813,-6272.532318136132
880732,Bank C,Equity,USD,Buy,2025-06-27,947007.8621107913,8358.781072463229
165417,Bank A,FX,JPY,Sell,2025-06-03,264110.7160238024,5823.55520372522
259567,Bank A,Bond,EUR,Sell,2025-04-16,792400.8746449634,-15924.118685405647
294573,Bank C,Bond,EUR,Buy,2025-05-06,3751124.214966862,438.04818885402875
897597,Bank A,Commodity,JPY,Sell,2025-05-05,1993458.77932564,-50174.3366770957
491692,Bank B,Equity,USD,Buy,2025-08-25,2283547.1262002373,-6838.885814096457
570068,Bank A,FX,GBP,Sell,2025-06-09,1772201.498015166,16031.742618075752
508200,Bank B,Equity,GBP,Sell,2025-08-07,3357586.4774491135,-20489.996797691776
836356,Bank B,Bond,JPY,Sell,2025-06-10,2568084.3249699892,-13676.732604112804
853626,Bank B,FX,GBP,Sell,2025-08-08,644648.9758350642,3491.6312561293103
367026,Bank B,Equity,GBP,Sell,2025-04-30,1521610.7767803257,37564.902711894836
614231,Bank B,Equity,GBP,Buy,2025-08-25,3759040.784547579,-97439.93091759284
541690,Bank D,FX,GBP,Buy,2025-05-14,1009145.7994505183,40926.790647315356
680615,Bank C,Equity,EUR,Buy,2025-06-10,2025973.2762199107,4273.207268369982
359234,Bank B,Equity,GBP,Sell,2025-04-11,2300771.1229777653,2941.494127221504
652609,Bank A,Equity,JPY,Buy,2025-07-18,3286438.2350359033,-49938.54845316211
815243,Bank C,Equity,USD,Buy,2025-05-06,3086343.7055669697,2905.2792941618245
622952,Bank D,Equity,JPY,Sell,2025-06-27,1764017.7803386592,-58709.38046288757
602374,Bank A,Bond,GBP,Sell,2025-09-02,1765682.9513722581,1922.2768172110502
431070,Bank C,Equity,GBP,Buy,2025-08-18,3193626.5088288477,16073.066043494406
707998,Bank C,Bond,JPY,Sell,2025-08-01,1960090.5442709606,9191.712591837742
323900,Bank A,Equity,GBP,Buy,2025-08-07,2172619.3345910525,65864.85375271799
165366,Bank C,FX,GBP,Buy,2025-08-20,2087479.490002125,-21392.23751481376
459556,Bank A,Bond,JPY,Sell,2025-06-16,2367670.0063150846,-3670.4059385525684
868104,Bank B,Equity,JPY,Sell,2025-07-17,3674986.783161397,-2975.409511183406
212589,Bank A,Bond,JPY,Buy,2025-09-03,1683584.716985382,12017.826247369809
509764,Bank B,FX,JPY,Buy,2025-07-25,2230259.6749940803,26599.59836889755
251661,Bank A,Bond,JPY,Sell,2025-07-03,2219828.5790220834,36568.407136060596
386471,Bank A,Equity,EUR,Sell,2025-06-11,2721443.681946594,62579.20509446486
598202,Bank B,Bond,JPY,Buy,2025-08-27,1032138.0815951994,-2471.8701833692858
672381,Bank C,Equity,EUR,Buy,2025-08-29,898006.6643679822,-21370.22293359709
715144,Bank D,FX,GBP,Buy,2025-06-11,3953809.5514864908,86929.20595142037
314805,Bank D,Commodity,JPY,Sell,2025-04-15,508592.98705617967,878.3741155435162
612491,Bank B,Equity,USD,Buy,2025-06-04,3188321.7221280364,59230.11186305624
722805,Bank B,Equity,EUR,Sell,2025-06-13,3259746.0773144243,-4969.937967663572
926935,Bank D,Equity,GBP,Sell,2025-07-03,589016.0434359629,-13671.543112547633
319943,Bank A,FX,GBP,Sell,2025-08-19,3380692.7261259756,85536.75108131312
529733,Bank B,FX,EUR,Buy,2025-08-06,530056.9770888325,-16300.051008214437
798929,Bank A,Equity,USD,Buy,2025-09-01,573725.9685800809,16730.09278490635
677133,Bank B,Equity,GBP,Sell,2025-08-06,3041548.9684577,-29468.51858037681
804814,Bank A,FX,JPY,Sell,2025-08-14,1862720.8985010968,4585.078200857543
636680,Bank A,FX,JPY,Sell,2025-07-21,455582.5572917871,17442.374052404215
564954,Bank A,Equity,USD,Sell,2025-06-24,876149.9595806792,13083.576811038844
500693,Bank D,Equity,USD,Buy,2025-06-09,2361968.4360452844,45819.70294969173
432319,Bank C,Equity,EUR,Sell,2025-08-15,3897213.3103261995,12685.65583102637
395313,Bank A,Equity,EUR,Buy,2025-05-01,1233690.6617378355,5897.919536142362
642195,Bank B,Equity,JPY,Sell,2025-06-06,978864.806413597,23511.325842012768
714499,Bank B,Equity,JPY,Buy,2025-06-12,2525343.262433713,1273.8002459637385
133616,Bank C,Equity,USD,Buy,2025-06-17,2064264.3142640444,-7884.679166349854
392033,Bank A,FX,GBP,Sell,2025-04-21,954631.5204440083,3073.4704417147045
467449,Bank D,Equity,GBP,Buy,2025-08-11,2905164.5119264266,40970.08560659981
713205,Bank C,Equity,JPY,Buy,2025-07-30,909895.5850009042,12445.466821227335
517654,Bank A,FX,USD,Sell,2025-09-18,3904950.6709593753,-88198.50608213236
378416,Bank D,Commodity,USD,Buy,2025-07-23,1954717.030917013,12817.633956555474
371579,Bank C,Bond,JPY,Buy,2025-07-24,1492005.4360368284,-16251.8672671975
895649,Bank A,Equity,EUR,Buy,2025-06-20,676158.9259218611,-5998.514519875291
453450,Bank B,Bond,EUR,Buy,2025-07-10,3000840.6805671207,-62866.55105838253
619562,Bank D,Equity,EUR,Buy,2025-04-22,1852146.350352005,-30375.26466436951
219990,Bank A,Equity,GBP,Sell,2025-05-23,1862042.3719179826,-16776.605503758256
578695,Bank A,Equity,JPY,Buy,2025-07-16,2553527.052830907,-49545.230990946875
231955,Bank B,Equity,GBP,Sell,2025-09-10,2222459.0915156147,3004.4795859890255
711544,Bank A,FX,USD,Sell,2025-08-06,733554.4271621697,11035.803404171555
310553,Bank B,Equity,JPY,Sell,2025-04-24,2600039.0360552277,71471.9820347538
521711,Bank B,FX,USD,Buy,2025-07-07,777006.4849732876,13920.314646919256
924799,Bank A,Commodity,EUR,Buy,2025-08-29,820723.1653936837,-15363.00940879014
426476,Bank A,FX,EUR,Sell,2025-07-31,1497014.2398401967,27651.160200896113
574002,Bank C,FX,GBP,Buy,2025-08-21,848690.6779903898,-12170.50940613318
615903,Bank D,Commodity,USD,Sell,2025-07-28,2764357.6441285415,-50035.88431728658
237818,Bank D,Equity,GBP,Buy,2025-04-28,1662916.1117119866,-37066.35549695138
902374,Bank D,FX,EUR,Buy,2025-06-23,3942029.903870081,26496.21501088774
377162,Bank A,Equity,JPY,Buy,2025-06-04,3761466.627051414,16946.393829845947
153817,Bank D,Bond,USD,Buy,2025-04-16,3164158.8676896067,-32686.716574628317
526641,Bank B,Equity,USD,Sell,2025-07-30,271119.74642340775,1221.4133319973134
908513,Bank C,Equity,USD,Sell,2025-07-18,3897950.7661872893,-26655.79792861902
899920,Bank B,Bond,USD,Buy,2025-06-26,1461474.3798260968,-8273.238013655475
511859,Bank A,FX,JPY,Buy,2025-04-21,2604692.338427063,11970.094204521054
365223,Bank C,Equity,EUR,Buy,2025-05-05,2222252.0891230404,61737.733745153484
859471,Bank A,Bond,USD,Sell,2025-07-04,1648063.2595357934,80541.67950670264
167595,Bank C,Bond,EUR,Sell,2025-05-07,2296297.257371879,13558.68925510004
797364,Bank D,Equity,JPY,Buy,2025-06-25,2283137.6372770555,42098.28098032715
229250,Bank B,Equity,JPY,Sell,2025-04-22,1912460.1446787717,-70727.21149354182
494065,Bank C,Equity,USD,Sell,2025-04-24,2540707.811569134,23630.74464682428
967014,Bank C,FX,GBP,Sell,2025-05-05,3867839.2042473294,61000.83042264097
677027,Bank C,Equity,EUR,Buy,2025-06-13,2869587.589594379,10187.547050013032
999645,Bank D,Equity,GBP,Buy,2025-06-12,2015157.409978996,-22429.617331196452
695569,Bank B,Equity,USD,Sell,2025-07-03,3683915.115097767,-77906.42002833466
648192,Bank D,Equity,EUR,Sell,2025-06-24,516107.9489234959,4900.8246032546895
931304,Bank D,Bond,EUR,Sell,2025-06-20,1594485.1675129859,-25917.398577070402
989372,Bank C,Bond,EUR,Sell,2025-09-15,3154028.347764932,43636.54474317234
168250,Bank A,Equity,USD,Buy,2025-05-12,3869720.7379072215,-51114.977584967484
227828,Bank D,Equity,EUR,Buy,2025-05-30,3408163.6958767385,102545.47444942969
808736,Bank C,Equity,JPY,Buy,2025-09-03,1347792.1175722538,1646.2910153108483
958665,Bank A,FX,USD,Buy,2025-05-27,3171232.099183657,-15826.07153689256
999416,Bank A,Equity,USD,Buy,2025-04-14,1934115.0592705668,24531.65496188558
312805,Bank A,Commodity,GBP,Sell,2025-08-12,2263508.4638185864,-59860.374048783044
828203,Bank C,Bond,EUR,Sell,2025-05-21,738029.6596622757,-8785.847005931679
631805,Bank B,Equity,JPY,Sell,2025-05-05,2156660.4704423686,-13262.530258956927
768935,Bank A,Bond,JPY,Sell,2025-05-01,3072267.7349443063,38926.717633165776
714785,Bank D,Bond,USD,Buy,2025-07-04,2064129.1838277914,-40899.71197766845
616132,Bank A,Equity,EUR,Buy,2025-09-12,2906252.109701582,10902.43478323801
694818,Bank A,Commodity,JPY,Buy,2025-07-08,666941.3583215389,-14241.707649541006
378746,Bank D,Bond,JPY,Buy,2025-08-06,1050447.029235212,-6783.817662226502
756430,Bank A,Commodity,GBP,Buy,2025-04-08,917982.0216486482,23815.47076108885
319275,Bank D,Equity,JPY,Buy,2025-09-03,2950542.480129789,-78024.86073873146
967420,Bank C,Equity,USD,Sell,2025-05-19,3848303.284751714,138719.12801071073
340346,Bank A,Equity,GBP,Buy,2025-06-25,3101162.2384472573,-111582.32506338187
619230,Bank B,Commodity,EUR,Sell,2025-04-18,3316339.1861354024,-32301.29426797578
245220,Bank A,Commodity,EUR,Buy,2025-08-08,2665811.134329638,58989.442025750985
189448,Bank A,FX,USD,Buy,2025-07-24,3798691.499684147,15479.408715456715
696850,Bank C,FX,GBP,Buy,2025-04-18,3462173.455231667,-79185.57164348452
603236,Bank C,Commodity,JPY,Buy,2025-07-03,1804848.0710304258,-20578.865604730017
457834,Bank D,FX,EUR,Buy,2025-04-21,389813.82500227855,1227.6415920922027
672121,Bank D,Equity,JPY,Buy,2025-07-22,3388214.6938509312,-71620.44350077935
253279,Bank D,Equity,EUR,Sell,2025-08-22,420272.8805339519,8473.590069853117
233240,Bank A,Equity,JPY,Sell,2025-09-17,387719.8253438575,2524.9815127289485
148702,Bank A,FX,JPY,Buy,2025-06-18,3132714.659261377,-2265.423312196028
433978,Bank A,Commodity,EUR,Buy,2025-08-18,3017963.4954819633,88882.41804182866
321135,Bank D,Bond,EUR,Buy,2025-09-19,3387136.1027527438,-29198.774020238026
723638,Bank C,Bond,EUR,Buy,2025-08-13,1061242.0662890896,6558.247622208863
223027,Bank D,Bond,GBP,Sell,2025-06-16,2207031.195554631,16059.121748580306
435225,Bank A,FX,JPY,Sell,2025-07-15,1141320.866785331,-1522.889288365313
747851,Bank B,FX,JPY,Sell,2025-05-06,1000088.6858761013,32391.867638445012
141158,Bank A,Equity,GBP,Sell,2025-09-17,3602585.3674263316,-179712.79186885047
396699,Bank C,Commodity,JPY,Sell,2025-04-14,3276295.4574279417,74921.77506518648
432682,Bank C,Equity,GBP,Buy,2025-06-03,1843320.1103457895,-60120.68686970867
451344,Bank A,Equity,USD,Sell,2025-05-13,253404.9904410154,970.6967700294202
118210,Bank A,Bond,GBP,Sell,2025-08-07,2053087.7147901338,-73851.59549103558
339652,Bank A,FX,USD,Buy,2025-06-23,2943568.085099385,46167.52923643424
987352,Bank B,Equity,EUR,Buy,2025-07-21,359767.04246248037,8263.693244171032
141206,Bank D,Equity,GBP,Sell,2025-07-15,2375847.176273322,5914.495138065206
118893,Bank B,FX,EUR,Buy,2025-07-21,1577642.5436951118,22376.947955797095
769024,Bank B,Equity,JPY,Sell,2025-09-15,684020.5479413266,11757.24196493979
620408,Bank C,Equity,EUR,Buy,2025-07-31,3215374.883337839,-89921.49625182665
428131,Bank B,Equity,USD,Sell,2025-06-06,1174365.0322650238,6886.502511064228
742560,Bank A,FX,JPY,Buy,2025-05-30,1338074.6331040396,-7450.550174491831
360207,Bank A,FX,JPY,Sell,2025-08-13,1652950.0690946004,18150.119233156816
665179,Bank A,Bond,EUR,Buy,2025-04-17,873784.7128843983,-24938.21462357751
618876,Bank C,Equity,EUR,Sell,2025-08-01,875395.2716597638,10479.147617653696
970988,Bank C,Commodity,USD,Buy,2025-06-02,2790787.7413763674,-57106.02975472886
512365,Bank C,FX,GBP,Sell,2025-08-01,2737730.0037406133,-40915.32388234059
534591,Bank B,Equity,EUR,Sell,2025-07-11,751029.9878609454,-3251.5950332904786
857521,Bank C,Equity,USD,Buy,2025-09-22,3239606.427844448,16987.34339155048
862077,Bank B,Equity,EUR,Sell,2025-04-10,1007237.7377254058,13302.772042343593
903478,Bank A,FX,JPY,Sell,2025-06-13,2501263.103340628,9517.986260457685
482857,Bank B,Bond,GBP,Buy,2025-06-05,2195155.095041898,-39382.352135087596
652399,Bank A,FX,GBP,Sell,2025-06-16,2780860.0813782346,18322.009725385717
213635,Bank A,FX,EUR,Buy,2025-09-17,1488568.594612251,-12153.298069697214
131142,Bank C,Equity,USD,Sell,2025-09-08,3752805.3325023204,110713.30476612807
936462,Bank D,FX,EUR,Sell,2025-06-09,3182112.62217843,20602.37702956435
655060,Bank A,Equity,EUR,Buy,2025-06-26,3516851.9396800594,-37626.73334921374
408540,Bank A,Equity,EUR,Sell,2025-08-22,256900.72180635532,-3708.1677422525972
956690,Bank D,Equity,EUR,Sell,2025-07-04,701333.8929633582,11112.781343018165
314738,Bank A,Equity,EUR,Buy,2025-06-26,753689.1103815382,563.5020790227613
569412,Bank C,Bond,EUR,Sell,2025-05-30,3436118.754106777,57004.917550028455
918334,Bank C,FX,USD,Buy,2025-04-14,3707974.4460974745,-61147.74508733709
471071,Bank B,Bond,JPY,Sell,2025-05-12,2220639.4142101216,1466.8196821661063
241021,Bank B,Equity,JPY,Buy,2025-05-08,1992085.8091378468,-35028.279418780025
372107,Bank C,Equity,GBP,Buy,2025-07-14,3214953.462523627,96931.20527214701
613406,Bank C,Equity,USD,Buy,2025-06-17,447998.2931881494,-1001.2746753046614
772485,Bank C,Commodity,EUR,Buy,2025-08-13,306541.7057474803,5847.1362240071385
437070,Bank B,Bond,EUR,Buy,2025-07-31,460152.9482600661,-23816.520925985336
261532,Bank C,Equity,JPY,Buy,2025-06-05,3018551.9044375164,4335.7229853483595
946343,Bank B,Equity,JPY,Sell,2025-07-17,1345389.8502457333,-2092.0692248670316
442033,Bank B,Equity,EUR,Buy,2025-04-28,1383826.3018242316,8786.989746920468
617430,Bank B,Equity,GBP,Sell,2025-05-02,1079314.84142328,2650.713098511082
381143,Bank B,Bond,EUR,Buy,2025-05-20,3850906.3631321476,134625.07538465137
940407,Bank C,Bond,JPY,Buy,2025-07-31,1874051.4269924513,111618.76447594035
717691,Bank A,Commodity,GBP,Sell,2025-06-09,3871148.5447653336,45740.92980268868
929423,Bank D,Equity,GBP,Buy,2025-04-24,3146204.932837581,-7486.192262022203
563966,Bank B,Bond,GBP,Sell,2025-07-24,1936396.594281166,-388.1997949368209
258129,Bank A,Equity,EUR,Buy,2025-09-12,2425343.4662090167,-48415.71543571666
930343,Bank C,FX,USD,Buy,2025-05-09,1136231.8887044252,-6105.40276506473
509218,Bank A,Bond,USD,Buy,2025-05-02,791212.5629604321,14676.691673006306
411713,Bank D,Bond,USD,Sell,2025-09-10,643691.7334055337,2862.480981143054
894573,Bank A,FX,GBP,Buy,2025-06-04,3309542.911587608,-74917.87574321906
402182,Bank A,Commodity,JPY,Sell,2025-08-26,2239484.6447882494,-26264.259302411567
551554,Bank C,Equity,JPY,Buy,2025-06-11,2609277.8866838724,-14722.691255385009
884525,Bank D,FX,GBP,Buy,2025-04-22,601966.0797464754,2442.1137308327657
533949,Bank A,Commodity,GBP,Buy,2025-07-01,317938.7271160289,4785.344086237722
794854,Bank D,Equity,EUR,Buy,2025-05-27,2844185.619231098,-35426.46014014851
813487,Bank C,Equity,GBP,Sell,2025-09-02,3397775.837166224,-38124.17268342131
728660,Bank B,Bond,JPY,Sell,2025-05-01,1905870.6468779112,37367.01365988082
745951,Bank C,Bond,EUR,Buy,2025-06-10,1092641.8083166713,-16565.37861732422
386131,Bank D,Commodity,EUR,Sell,2025-07-17,2408872.444184478,-3170.759746950788
882803,Bank A,Bond,GBP,Sell,2025-04-16,1782251.977685812,100910.39327434741
312422,Bank D,Commodity,JPY,Sell,2025-09-03,655936.6909195911,9918.0429590213
186487,Bank A,Equity,USD,Buy,2025-08-19,1294253.8705806513,25032.29330409292
273591,Bank D,Equity,GBP,Sell,2025-05-12,2481979.7281234087,33505.74349090596
542198,Bank B,FX,GBP,Sell,2025-08-22,243426.69264018044,6134.277966043063
623596,Bank A,Bond,USD,Sell,2025-07-22,3570059.598122392,-35052.006895796694
896565,Bank B,Equity,GBP,Sell,2025-07-09,293000.0520588066,214.40155711903898
735270,Bank A,Equity,GBP,Buy,2025-09-12,2712186.858172384,22260.719672883457
973735,Bank A,Equity,GBP,Buy,2025-05-14,2073009.1063848569,19342.39255089116
883319,Bank C,FX,JPY,Sell,2025-05-08,2599208.5385065805,43894.13286570585
278359,Bank A,FX,USD,Buy,2025-06-16,1490171.06602999,2888.476939011747
642457,Bank D,Equity,USD,Buy,2025-07-21,1896191.837232089,12142.504508900069
877797,Bank C,Equity,USD,Buy,2025-09-18,3861570.8653272493,25246.115539995084
970442,Bank C,Bond,EUR,Sell,2025-04-14,2190773.4320825846,-115.75995485480307
261731,Bank B,Bond,JPY,Buy,2025-05-01,2714166.531848056,11591.939758236911
378070,Bank D,Equity,EUR,Buy,2025-09-03,2579267.4885512143,-32838.45276954863
795900,Bank B,Equity,GBP,Sell,2025-09-11,718280.5864227632,-13696.099298068917
416279,Bank D,FX,JPY,Buy,2025-07-16,3111555.6676779385,121850.07767778708
744724,Bank B,Commodity,JPY,Sell,2025-09-22,2442081.7904397617,41235.86542302563
248254,Bank D,Commodity,USD,Sell,2025-05-14,2401546.7959787026,-13286.940468042481
415278,Bank C,Equity,EUR,Buy,2025-07-25,2788904.273208802,22000.28443168927
445401,Bank A,Equity,GBP,Buy,2025-05-07,3189735.1658261362,82616.34604431901
539780,Bank D,Commodity,USD,Sell,2025-05-01,2491680.4235899663,2989.810294161936
816627,Bank A,Equity,GBP,Sell,2025-08-04,1380553.4663138906,-18766.103571308988
149590,Bank C,FX,USD,Sell,2025-06-23,1055799.1617986364,1614.8824977860318
770472,Bank B,Equity,USD,Buy,2025-05-27,2082035.80479014,-18071.72942421028
216836,Bank D,Bond,GBP,Sell,2025-09-10,3767300.0905025173,25462.808638438517
637753,Bank D,Bond,EUR,Buy,2025-09-09,818351.0226937778,-22027.418833611955
599458,Bank D,Equity,GBP,Sell,2025-08-21,3692898.376712019,20652.930424668808
379781,Bank B,Equity,USD,Sell,2025-08-25,884493.1901368749,14725.734784091737
925304,Bank D,FX,JPY,Buy,2025-05-16,472837.1608547853,-13531.01328014549
205681,Bank B,Bond,GBP,Sell,2025-08-29,1044129.6131247565,-29114.3516297338
849505,Bank C,Equity,USD,Buy,2025-09-08,3126155.6888686433,44691.206747561824
972752,Bank D,Equity,EUR,Buy,2025-06-17,1632755.1292720798,-10750.550882998721
359522,Bank D,Equity,JPY,Buy,2025-05-06,486421.595590421,-7680.313785291883
465667,Bank D,Bond,JPY,Buy,2025-08-07,826259.6639633378,15106.62873005059
318897,Bank C,FX,USD,Sell,2025-06-04,2714168.895262952,-20298.597532737425
967688,Bank A,Equity,USD,Buy,2025-06-12,450790.7724270279,2504.4747223473305
697403,Bank B,Commodity,USD,Sell,2025-04-25,2673046.2495494178,132887.88308007005
803231,Bank B,Equity,GBP,Buy,2025-05-14,450090.9189829005,-2713.1194772743784
455301,Bank B,Bond,JPY,Sell,2025-08-11,3152002.5873791086,-17720.436657879487
612414,Bank D,Equity,JPY,Buy,2025-05-02,3415395.992538232,-14760.057684067331
617522,Bank D,Commodity,USD,Sell,2025-05-06,3571126.628426977,-117682.11160224375
784672,Bank B,Commodity,EUR,Sell,2025-06-30,2488784.5331407753,-2133.350321588447
623841,Bank D,Equity,EUR,Buy,2025-04-16,1722858.0091386756,22559.302034331486
897024,Bank A,Equity,GBP,Sell,2025-08-14,814834.5701172069,-23541.86560030775
160061,Bank C,Equity,JPY,Sell,2025-09-17,1271955.7896847092,-5530.301196783285
586086,Bank C,Bond,EUR,Buy,2025-05-22,1219994.8994839243,-508.7746695290628
360428,Bank B,FX,JPY,Buy,2025-09-08,3471389.6529998663,20633.46555070091
358014,Bank A,FX,USD,Sell,2025-04-09,2692239.088753615,-26575.544234085566
126641,Bank C,Bond,JPY,Sell,2025-07-28,1191202.4031521531,-2616.3542666862563
252962,Bank D,Bond,JPY,Sell,2025-07-23,282458.5782264159,9522.267966003958
610932,Bank C,Bond,EUR,Buy,2025-08-01,2691692.5569729456,43503.815507281615
338776,Bank C,Equity,EUR,Buy,2025-07-09,2143542.094364595,-16963.053526725747
112552,Bank D,Equity,EUR,Sell,2025-08-18,625206.0244617304,3152.801647680039
316687,Bank B,Bond,USD,Buy,2025-04-17,699889.6876695118,-25422.606428677536
623552,Bank D,Equity,GBP,Buy,2025-06-24,673583.5665268456,-7865.584686412098
734683,Bank A,Bond,USD,Buy,2025-08-13,1057303.815503429,20049.53326660058
398332,Bank D,Equity,USD,Sell,2025-07-21,1147133.4214762086,-18179.93578026386
484163,Bank A,Equity,USD,Buy,2025-04-11,2363854.598105318,95908.42178037076
538848,Bank D,FX,JPY,Sell,2025-07-14,3257774.363341424,-29525.625075416883
177481,Bank A,Equity,JPY,Sell,2025-08-11,1650783.850204628,8374.482795480611
142838,Bank C,Equity,EUR,Buy,2025-09-19,3339492.900435329,54639.17036460699
966877,Bank D,Bond,GBP,Buy,2025-09-01,2060620.0204667745,103288.19134262906
739183,Bank B,Equity,JPY,Sell,2025-06-18,1554267.7052445763,-4152.776312808864
543106,Bank B,Bond,JPY,Buy,2025-09-19,3614170.2619117917,-6734.871683787739
184973,Bank D,FX,EUR,Buy,2025-08-01,2657881.0799604678,-67732.87179385235
186583,Bank A,Equity,EUR,Buy,2025-04-23,2195615.7472820533,-7508.20000822776
956222,Bank B,Equity,USD,Sell,2025-05-28,712230.1711173647,-18691.926953882634
430241,Bank B,Equity,USD,Buy,2025-05-15,3667481.730462088,103954.85291334258
812320,Bank C,Equity,JPY,Buy,2025-09-22,3500755.3184616743,32930.86080675088
834300,Bank A,Equity,GBP,Sell,2025-08-06,3035085.518593465,22069.478005630488
253700,Bank A,Commodity,GBP,Sell,2025-07-15,1992045.3056694048,73856.27973810761
205025,Bank B,Equity,USD,Sell,2025-04-11,1920935.774553332,-45541.21257737952
815093,Bank B,Bond,JPY,Sell,2025-05-27,1714943.882224789,-39385.54841582724
461572,Bank D,Equity,GBP,Buy,2025-05-06,598311.7275762868,-6736.080506947946
594128,Bank D,Bond,EUR,Buy,2025-04-23,1699632.5834749828,19207.404430146114
261641,Bank D,Equity,JPY,Buy,2025-09-02,1969230.8239007571,-42117.93095701785
925357,Bank C,Commodity,EUR,Buy,2025-06-24,1749670.3782967832,9542.206515559257
243609,Bank D,Bond,GBP,Buy,2025-06-06,1492000.2579227465,51869.018079672656
445222,Bank A,Bond,JPY,Sell,2025-08-19,2859105.91996746,122243.57312031873
979650,Bank C,Bond,GBP,Buy,2025-06-12,2302527.459104806,-8638.93126012973
320491,Bank A,Equity,GBP,Buy,2025-05-28,3578742.7914860514,13853.695368558836
427236,Bank A,Bond,JPY,Buy,2025-06-20,3088029.9940693714,-72098.65558396299
782511,Bank C,FX,GBP,Sell,2025-06-09,730477.8230807493,-444.88445023265734
862384,Bank C,Commodity,USD,Sell,2025-06-04,2700540.9864844424,86070.43112814793
462712,Bank B,Equity,USD,Sell,2025-06-27,1497101.4070778973,2071.671715359497
310724,Bank A,Bond,JPY,Sell,2025-05-23,3188097.6146243894,-1148.5482390077148
716811,Bank D,Equity,USD,Buy,2025-06-09,2123357.5017583654,-5649.315913066521
202876,Bank B,Bond,EUR,Sell,2025-08-29,3563677.933426517,32180.880713535105
517459,Bank B,Equity,GBP,Buy,2025-06-26,2836400.295085733,-169110.37024234858
811054,Bank C,FX,GBP,Sell,2025-09-19,1150956.2455200423,3075.086339764972
227690,Bank A,Bond,JPY,Sell,2025-05-16,2242786.598680728,24842.876896002068
324260,Bank B,Bond,USD,Sell,2025-04-08,3813096.1930190553,123853.07635436176
850090,Bank C,Equity,GBP,Sell,2025-09-17,2102149.6415158007,-8537.310245516486
991742,Bank B,Bond,GBP,Buy,2025-07-31,312566.8319791469,-2725.456824085025
621924,Bank A,Bond,GBP,Buy,2025-06-27,3732509.924827165,-221334.4238101184
106305,Bank A,FX,JPY,Buy,2025-04-22,842995.346614634,6624.1511570882485
319822,Bank C,Commodity,EUR,Buy,2025-05-08,3019942.6706117797,28519.211630524496
634331,Bank A,Bond,EUR,Sell,2025-09-04,2582299.1337063718,-4001.910163341361
950757,Bank D,Equity,JPY,Sell,2025-05-20,3359356.813630067,-11950.293502286788
542385,Bank D,Equity,EUR,Buy,2025-06-23,731899.0321579134,-11858.30463254686
177367,Bank A,Bond,JPY,Buy,2025-07-24,3354871.1373376744,55234.950031427186
253343,Bank B,Bond,GBP,Sell,2025-05-26,3581464.6126625496,11817.690664345067
179336,Bank B,Equity,USD,Sell,2025-08-13,2818370.746259996,79041.54526224786
356576,Bank C,Bond,GBP,Buy,2025-09-16,492350.6378913543,2392.2863722675156
389950,Bank A,FX,GBP,Buy,2025-05-29,3009995.0690344824,-84214.96099352813
475897,Bank A,Bond,EUR,Buy,2025-05-06,1490941.4606302248,7470.652823027458
510111,Bank B,Bond,EUR,Buy,2025-04-09,3467173.90540051,-78909.54991739968
486330,Bank D,Equity,EUR,Sell,2025-05-02,3948150.8313400066,174057.21549230537
614737,Bank B,Bond,GBP,Sell,2025-07-28,3771681.048975427,40358.40133697766
507744,Bank D,Bond,JPY,Sell,2025-08-12,1281272.7469982828,-19003.55895264846
248431,Bank C,Equity,USD,Buy,2025-05-23,2633898.4346865835,-59468.3560224565
719437,Bank A,Equity,USD,Sell,2025-05-23,549414.0202809316,3227.164309489805
882609,Bank C,Bond,JPY,Sell,2025-06-26,3801757.5847866028,-40206.56423775111
454116,Bank C,Bond,USD,Sell,2025-09-12,3413267.3347593555,-93182.5973356827
874194,Bank C,Equity,JPY,Buy,2025-04-09,2570053.584051432,-75018.96197656321
733248,Bank C,Commodity,JPY,Sell,2025-09-19,2910415.05501668,-56019.991224064615
648660,Bank B,Equity,USD,Buy,2025-04-15,3280593.8623892376,24726.82644779902
980773,Bank C,Equity,GBP,Sell,2025-04-15,3473569.894990304,61703.840050091145
262471,Bank C,Equity,EUR,Sell,2025-08-08,2561754.022746967,29577.68841539973
671353,Bank A,Bond,JPY,Sell,2025-09-01,2024660.3974506017,51.17649370585311
254643,Bank C,Equity,GBP,Buy,2025-06-04,2335976.285088407,15518.604377572725
470013,Bank A,FX,EUR,Buy,2025-06-25,1992827.0763274545,46872.66832756076
670900,Bank D,Commodity,EUR,Buy,2025-05-30,2811310.280525366,66953.51276818936
753939,Bank B,Equity,EUR,Sell,2025-06-23,1691712.8780237853,14040.066300034154
379180,Bank D,Equity,EUR,Buy,2025-07-25,2439426.6862811707,-3613.5686872487436
578424,Bank C,Equity,EUR,Buy,2025-05-09,1681922.2815095102,-29482.816075521063
968855,Bank A,Equity,GBP,Buy,2025-07-17,418229.9510398969,2524.283952009653
891256,Bank B,FX,EUR,Sell,2025-08-07,2760571.1907030907,46432.14680336033
448452,Bank A,Bond,USD,Buy,2025-04-25,2346806.5494128596,-63344.12046676032
773927,Bank D,Bond,USD,Buy,2025-08-26,339213.366615617,-1982.6604555793476
690290,Bank A,Bond,JPY,Sell,2025-04-07,561946.0123377853,-15952.760327976715
164935,Bank C,Equity,GBP,Buy,2025-06-09,234292.50784370696,-3775.030109476151
667666,Bank A,Commodity,EUR,Buy,2025-07-31,2728729.777072214,-3394.9897906831266
412138,Bank D,Equity,JPY,Buy,2025-05-13,2144240.632923709,-11992.739490515902
516541,Bank D,Equity,EUR,Sell,2025-06-12,1865845.4748026372,73145.48891158828
715126,Bank C,Bond,USD,Sell,2025-07-09,3710994.94318239,77161.61802754921
968931,Bank B,Commodity,EUR,Sell,2025-07-21,973404.3440117572,-1954.818822514577
218201,Bank C,Bond,GBP,Buy,2025-05-21,3491169.6186421607,33398.84576427966
446804,Bank B,Equity,JPY,Buy,2025-07-23,1264690.6149127095,-7382.005163253689
291182,Bank C,Equity,GBP,Sell,2025-08-08,3198844.1037001363,-34797.85500079774
290692,Bank C,Equity,USD,Buy,2025-04-23,540893.0119521111,-5086.402083163303
236751,Bank B,Equity,JPY,Buy,2025-05-05,1678067.1570775744,-26012.392235041792
635752,Bank D,Equity,EUR,Buy,2025-09-04,2732727.503928604,-772.6642138174554
518515,Bank C,Equity,USD,Buy,2025-09-16,2689759.5066620014,-16670.311323840895
259601,Bank A,Commodity,USD,Sell,2025-04-22,3919578.9911726294,56536.882575386764
345292,Bank D,Bond,JPY,Sell,2025-08-22,1563931.8826722533,7476.284576039967
940842,Bank D,Equity,USD,Buy,2025-04-18,1427192.3105085476,23045.296092734567
648497,Bank D,Equity,EUR,Sell,2025-07-18,1305467.5795618785,5987.42202156238
721873,Bank A,Bond,JPY,Buy,2025-04-07,2935065.743839578,-25005.900166187486
625000,Bank C,Bond,GBP,Sell,2025-07-21,1717434.621664026,46905.08571755204
449135,Bank A,FX,GBP,Sell,2025-06-12,2511807.043246111,-16894.760141000846
476683,Bank B,Bond,EUR,Sell,2025-05-13,2010676.875902524,-46393.175737422534
470419,Bank B,FX,EUR,Sell,2025-05-06,3346302.513896025,35858.32314719546
690101,Bank D,FX,USD,Buy,2025-08-12,3363367.8327288176,-46941.09525242729
207946,Bank A,Bond,EUR,Sell,2025-07-30,932660.4970522638,-5134.68852890837
645834,Bank A,Equity,GBP,Sell,2025-07-07,1781054.7431281314,18181.006180265904
803597,Bank A,Equity,EUR,Sell,2025-07-01,3698681.982476207,69923.69785726152
603028,Bank A,Equity,EUR,Buy,2025-06-16,540221.5544773852,9602.715716730132
813447,Bank D,Equity,GBP,Sell,2025-08-29,3121223.7807672955,-13012.88615465075
339619,Bank D,Equity,USD,Sell,2025-08-06,1148432.237911488,59607.75609177595
890390,Bank D,FX,USD,Sell,2025-04-10,892525.3528651916,13491.35558211681
672275,Bank A,Equity,GBP,Sell,2025-04-14,2914952.2375497096,10237.782313848093
286680,Bank D,Bond,JPY,Sell,2025-08-06,2755075.295584768,-19362.07506518308
596526,Bank C,Equity,JPY,Sell,2025-05-26,2729980.34085664,57108.490356211514
911675,Bank B,FX,EUR,Buy,2025-05-01,2376621.9352322496,-23811.822714972288
115266,Bank A,Equity,JPY,Buy,2025-04-23,3509027.792899931,51474.36152184103
597019,Bank A,Equity,EUR,Buy,2025-09-10,2579560.8058744255,18713.56079507245
359562,Bank C,Equity,GBP,Buy,2025-07-14,1274858.3027901228,56134.28957069383
137642,Bank B,FX,JPY,Sell,2025-06-20,3336407.9343694984,82379.74977610205
492386,Bank B,Equity,EUR,Sell,2025-09-22,2848259.2270203764,89715.83040801097
832405,Bank D,Bond,JPY,Sell,2025-07-10,3693877.2850085357,-11016.752056307432
701663,Bank B,FX,EUR,Buy,2025-06-09,3506271.8324355357,-6582.102171330525
578802,Bank C,FX,GBP,Buy,2025-05-13,610577.6719873948,-12452.485763711386
593583,Bank B,Commodity,JPY,Buy,2025-06-04,3570359.1609831867,-128250.25975465318
123041,Bank B,Bond,USD,Buy,2025-04-15,2199865.783871652,-51933.58878868184
274647,Bank C,Equity,GBP,Sell,2025-06-02,1726286.1613939258,51016.71504203816
633290,Bank C,Bond,USD,Buy,2025-05-16,211832.64756579118,-4961.576726055284
723886,Bank C,Equity,JPY,Sell,2025-08-19,3380300.8448066236,14092.153805849917
264132,Bank C,Bond,EUR,Buy,2025-06-03,3528072.740027011,81685.05236744355
831436,Bank B,Bond,JPY,Sell,2025-05-16,3995028.119702268,-79963.43270355971
597069,Bank A,Bond,USD,Sell,2025-07-08,623126.2266568226,-7360.232924319248
432230,Bank B,Bond,JPY,Buy,2025-04-21,907544.9560060644,5048.535465636562
920215,Bank B,Equity,GBP,Buy,2025-04-30,1286438.1757230046,-19271.15832310465
626426,Bank C,Equity,GBP,Buy,2025-04-07,1983042.5955451694,2415.936804088686
761004,Bank A,Commodity,JPY,Buy,2025-08-20,957064.0129944041,-8748.887692217213
979913,Bank C,Bond,JPY,Buy,2025-06-12,3727406.2642548503,-38719.21402017967
473646,Bank D,Commodity,GBP,Buy,2025-08-29,3600781.5035630213,-7131.28057267621
188344,Bank A,Bond,GBP,Sell,2025-07-04,1226040.651055817,40294.01363975073
391352,Bank B,FX,GBP,Buy,2025-07-25,3520000.656734488,47554.940303537594
508868,Bank D,Commodity,GBP,Buy,2025-07-09,3765854.9535511807,-53066.843049625844
517524,Bank B,Equity,JPY,Buy,2025-05-02,2582490.228141819,16116.746925077907
781198,Bank B,Equity,JPY,Sell,2025-09-03,232921.92873285845,-2737.1003125347625
984766,Bank A,Equity,USD,Buy,2025-06-30,2228137.667936587,28489.668498755473
731875,Bank C,Equity,JPY,Sell,2025-06-20,2653419.1581793884,8951.030763513912
425916,Bank D,Equity,JPY,Buy,2025-07-17,3900903.9507043594,116031.01840236601
211178,Bank A,Equity,GBP,Buy,2025-06-24,3766614.700449872,95127.64702959405
461945,Bank A,Equity,GBP,Sell,2025-08-07,1207064.7790680705,-6714.718159067708
349190,Bank C,FX,EUR,Sell,2025-06-20,3986809.548659262,-32727.26836539531
303091,Bank D,FX,EUR,Buy,2025-06-06,1153499.586263454,5763.597366274847
349271,Bank A,FX,EUR,Sell,2025-04-18,3213580.149084749,-45096.60434592836
664093,Bank B,FX,USD,Buy,2025-06-06,3947997.264398205,-27330.875131482295
400891,Bank C,Commodity,JPY,Buy,2025-07-15,1472726.0590513533,22270.324312877856
316838,Bank D,FX,JPY,Sell,2025-07-04,3562377.495796937,55997.11650445962
277660,Bank B,Bond,USD,Buy,2025-07-11,2125511.7169804303,1827.6284927270463
864625,Bank C,Equity,USD,Buy,2025-06-25,876356.4593735063,17761.33126774789
524547,Bank C,Bond,GBP,Buy,2025-07-09,1531993.637337167,7731.708733342042
948026,Bank D,Equity,JPY,Buy,2025-05-09,2059249.6339897471,25549.57134503686
645279,Bank A,Bond,JPY,Sell,2025-09-08,3354652.4468305255,3673.2007323713756
954347,Bank A,Commodity,GBP,Buy,2025-08-14,2747725.391699407,-30681.297643041034
721882,Bank D,Commodity,EUR,Buy,2025-06-25,2676174.840156842,42116.56187752376
874976,Bank D,FX,JPY,Sell,2025-07-07,1039555.139764496,27473.0440187224
971489,Bank C,Bond,EUR,Buy,2025-06-20,1735302.3144664024,-78224.40137561242
394428,Bank B,Equity,USD,Sell,2025-05-23,3131255.6725604953,-174947.5918188079
104750,Bank B,FX,JPY,Buy,2025-08-13,2577582.7190438956,14681.08626264688
432792,Bank B,Commodity,EUR,Buy,2025-08-18,975162.5993187093,-27527.234109344055
659840,Bank D,FX,EUR,Buy,2025-07-22,1774454.3908248097,-23006.70822338164
724676,Bank B,Equity,USD,Buy,2025-05-28,2338210.6573195765,24732.08376959415
330734,Bank A,Equity,JPY,Buy,2025-04-22,2355869.463554043,-14923.11041327122
618949,Bank C,Commodity,USD,Sell,2025-05-14,3583773.922195488,119283.56276837428
430389,Bank C,Bond,JPY,Buy,2025-09-22,2035857.3193664586,12684.38696376603
355416,Bank A,Bond,USD,Buy,2025-06-11,1365366.3301909266,-12492.861601885275
248528,Bank A,Commodity,EUR,Sell,2025-05-14,1082358.7532178345,-20952.25612945874
521924,Bank D,Equity,USD,Sell,2025-08-04,2439295.0466585713,32887.24921014136
729261,Bank A,FX,EUR,Buy,2025-06-09,2123439.599363421,8108.492810491243
754951,Bank D,FX,JPY,Sell,2025-06-13,694445.465929334,-3339.333359019516
771638,Bank C,FX,JPY,Sell,2025-07-15,3271213.182090353,83389.97169328449
326062,Bank C,Equity,USD,Sell,2025-06-17,3230795.3060063533,1083.0933799718687
112146,Bank A,FX,GBP,Sell,2025-08-06,2888809.892131986,-50919.62622463103
993265,Bank D,Bond,USD,Sell,2025-05-06,2319570.9166732766,-66697.32803853937
348139,Bank D,Equity,USD,Sell,2025-06-02,2799473.986699393,-34630.263139083734
810975,Bank D,Commodity,EUR,Buy,2025-09-17,2950324.7476519435,32293.7189002777
675521,Bank B,Commodity,JPY,Sell,2025-09-16,830990.9975278439,-17970.85441011749
934313,Bank A,FX,USD,Buy,2025-07-03,266754.97519166203,2560.301831197362
821552,Bank A,Bond,GBP,Sell,2025-09-02,1256802.4730185338,8626.301696329123
332181,Bank A,Equity,GBP,Buy,2025-04-22,3561332.711557395,-13815.577966152478
752791,Bank A,Equity,JPY,Buy,2025-09-16,1674675.419749375,67199.77350442242
657757,Bank C,Bond,GBP,Buy,2025-08-12,1841469.9970461668,30221.928372522045
443851,Bank A,Equity,EUR,Buy,2025-07-11,2104050.515377339,33149.377179008
658163,Bank C,FX,USD,Buy,2025-05-08,1137826.714197308,-5664.741335811787
113794,Bank A,Bond,GBP,Sell,2025-06-13,834952.9886743119,-7671.265791013541
523907,Bank A,Equity,GBP,Buy,2025-04-23,3481782.8281119866,-87438.79014302023
454592,Bank D,Equity,EUR,Sell,2025-05-16,2153508.685326168,1442.1169058081507
883477,Bank B,FX,USD,Buy,2025-07-18,2159008.1628760863,325.6531427913337
365405,Bank A,Equity,GBP,Sell,2025-07-16,261793.31855814467,-9180.719749760248
490071,Bank B,Equity,GBP,Sell,2025-04-07,2805068.916870198,9042.704275643353
940546,Bank B,Equity,JPY,Sell,2025-04-22,3824121.77762123,95374.68635939025
842652,Bank C,FX,GBP,Buy,2025-04-17,1742594.4521901614,-48190.622155757446
478483,Bank C,Equity,USD,Buy,2025-05-14,207107.7471128203,3694.9071385853476
566167,Bank B,Commodity,GBP,Buy,2025-08-22,490516.6881657361,-5084.359146658499
296280,Bank B,Bond,GBP,Sell,2025-09-17,562303.1331204671,-6183.991424778769
500272,Bank C,Equity,EUR,Sell,2025-05-26,878170.4359361174,12456.98426683021
437690,Bank D,FX,EUR,Sell,2025-09-04,628852.6058135289,16219.164473560475
441919,Bank C,Equity,EUR,Sell,2025-06-03,2700669.8636735654,-88115.45754328962
522605,Bank C,FX,USD,Buy,2025-08-26,3263615.986062473,113047.20968174595
669707,Bank D,Bond,JPY,Sell,2025-05-01,3126627.862248664,-29532.542686680852
371936,Bank D,Bond,GBP,Buy,2025-07-21,1883192.8942994385,-1971.0215766259023
740056,Bank D,Bond,USD,Buy,2025-08-20,1982402.9153212612,-40981.18050654249
308527,Bank B,Bond,USD,Buy,2025-04-18,3019483.084220323,-6611.779499586651
690724,Bank B,FX,EUR,Sell,2025-05-20,1176908.4991030337,24418.244842855947
807388,Bank B,Equity,GBP,Buy,2025-06-05,2985075.953210186,-5891.390721484889
821535,Bank D,Equity,GBP,Buy,2025-05-07,2725644.8052423513,7659.649380836123
746449,Bank D,Equity,EUR,Sell,2025-07-02,438236.5860083358,-17940.950695170188
983212,Bank C,FX,USD,Buy,2025-06-12,1817897.4077770798,-38484.579379609226
603642,Bank C,Equity,JPY,Buy,2025-05-09,990565.5873995371,1471.6221555306138
696371,Bank C,FX,EUR,Sell,2025-05-30,2009681.9618915224,6752.135842793313
841284,Bank D,Equity,GBP,Buy,2025-05-22,2140342.7544739884,-23638.582680818934
164872,Bank C,Equity,EUR,Buy,2025-05-21,3426153.974036115,25416.546071938687
195153,Bank A,Commodity,GBP,Buy,2025-08-01,2349946.573089509,-26685.352051887956
815241,Bank C,Equity,EUR,Buy,2025-05-16,3325229.91291648,-29272.935508615752
893936,Bank B,Equity,USD,Buy,2025-06-19,1711584.1111608804,-42698.21047637518
702774,Bank C,FX,USD,Sell,2025-07-21,1835621.1131456352,1352.8689408710222
650355,Bank D,FX,USD,Sell,2025-06-09,1352023.5158487586,35290.11632035034
153977,Bank A,Bond,JPY,Buy,2025-08-13,1284182.2578027532,40152.614620626744
676622,Bank C,Equity,EUR,Sell,2025-09-15,830046.8998232575,-2272.9993441222764
456786,Bank A,Bond,GBP,Buy,2025-04-15,642432.4402629172,-27596.866474434268
274252,Bank A,FX,JPY,Sell,2025-07-29,334303.9932147525,-9666.986907139146
132896,Bank D,Equity,GBP,Sell,2025-08-26,3227932.02229146,-93720.76438715759
499963,Bank A,Equity,GBP,Sell,2025-06-25,1012055.9842816882,-9243.151602532063
706671,Bank C,FX,JPY,Buy,2025-04-08,1880448.9548938363,66719.67163507896
192330,Bank C,Bond,USD,Sell,2025-07-21,1584830.8787207925,20663.969165126327
675547,Bank D,Equity,USD,Buy,2025-04-23,3828076.003690357,-59733.84264548722
409459,Bank D,FX,JPY,Buy,2025-07-23,3704538.4669676707,-92595.98226469169
539412,Bank D,FX,EUR,Buy,2025-09-02,2175754.150895023,-5646.333534919463
579813,Bank B,Equity,USD,Sell,2025-08-01,2041467.4891588723,-23435.564297828547
975443,Bank C,FX,USD,Sell,2025-06-13,2475265.8243684373,-86271.01103538684
297234,Bank A,FX,GBP,Sell,2025-04-28,3514379.1183000063,-525.3540222167816
168327,Bank D,Equity,EUR,Buy,2025-06-18,953593.2664341804,4584.71876115385
856017,Bank D,Equity,USD,Buy,2025-07-09,2601573.68105549,-65381.02460869992
655476,Bank C,FX,GBP,Buy,2025-05-14,3006119.0927488566,85328.5082921407
158687,Bank C,Equity,JPY,Buy,2025-08-01,3059510.227011601,-20731.173370785913
542766,Bank D,Equity,EUR,Buy,2025-06-05,835791.0872096005,-3989.7767651056943
719493,Bank D,Equity,GBP,Sell,2025-09-11,3415330.4262165776,-58333.65722151052
362390,Bank A,Bond,USD,Buy,2025-07-18,2096735.8234696644,29696.561677841666
991817,Bank B,Equity,GBP,Sell,2025-09-03,797185.0021815976,-5866.7035098053375
897957,Bank A,Equity,GBP,Sell,2025-09-18,890428.1152383568,-11000.532688889267
976114,Bank B,FX,GBP,Buy,2025-06-20,302396.91951058595,6357.819115994755
673860,Bank A,Equity,EUR,Buy,2025-09-08,905795.8422408525,-11672.551350492038
936703,Bank C,Equity,GBP,Buy,2025-04-22,3409842.520993995,92796.5400851426
697877,Bank B,FX,USD,Buy,2025-07-09,1182095.9739277726,-3005.8042327047174
414171,Bank C,Commodity,GBP,Buy,2025-07-22,2242025.6155062374,68888.68490163182
775983,Bank D,Equity,USD,Sell,2025-08-13,1458251.6703671848,-6722.824019928826
699003,Bank C,FX,USD,Buy,2025-08-26,1278460.5874342574,-6888.448411813767
563166,Bank A,Bond,EUR,Buy,2025-08-08,621806.4690158778,9231.32644199138
796610,Bank A,Equity,JPY,Buy,2025-06-30,446156.88358209655,6472.029405375009
507000,Bank D,FX,EUR,Sell,2025-04-08,3650193.272119765,-30108.46278032834
592612,Bank C,FX,USD,Sell,2025-07-25,3482826.9593318165,-1722.3179026987298
403565,Bank C,Bond,USD,Sell,2025-06-17,2400723.6990237674,64928.867495666214
763586,Bank A,Equity,EUR,Sell,2025-05-01,1779503.193776115,-5656.603243213713
595162,Bank D,Bond,USD,Buy,2025-08-08,843757.3405343344,799.2319467419128
993269,Bank B,FX,GBP,Sell,2025-08-21,1271571.4166547311,-17385.208979472616
374448,Bank C,FX,GBP,Buy,2025-08-01,2018710.6404120615,7608.348264440145
718007,Bank B,Equity,JPY,Sell,2025-08-12,2829447.9960334636,-22129.27376385111
546626,Bank B,Bond,EUR,Buy,2025-06-17,1281777.345036745,-2698.1886492076983
745529,Bank C,Commodity,EUR,Buy,2025-06-06,235376.45383249223,-2094.2012423595716
707722,Bank D,Bond,GBP,Buy,2025-08-18,3908834.232781807,17929.30185621932
669480,Bank C,Bond,USD,Sell,2025-07-04,997846.365334419,17288.817776962835
779049,Bank B,FX,JPY,Buy,2025-07-17,3037884.804697774,27319.715309151237
515923,Bank D,Commodity,GBP,Sell,2025-05-28,3678784.0174082965,12749.464575245796
698536,Bank D,Equity,EUR,Buy,2025-04-14,923017.6470451533,24794.2067200602
534860,Bank C,Equity,JPY,Sell,2025-05-26,1231153.4775877325,-23810.70323113039
627029,Bank D,Equity,GBP,Buy,2025-08-06,3644357.5259228037,7847.264934239849
853844,Bank B,Equity,JPY,Buy,2025-04-08,3281989.538003662,53353.57420570462
680270,Bank C,Commodity,USD,Sell,2025-04-10,2884267.8381688274,41048.28183988855
222571,Bank B,Equity,JPY,Buy,2025-08-12,2380105.579629252,-28949.92368446993
955047,Bank A,Equity,GBP,Buy,2025-08-13,624330.3677072662,-238.5228722434314
179119,Bank A,Bond,EUR,Buy,2025-04-11,2545629.2253669365,-117223.17611351474
243668,Bank A,Bond,JPY,Sell,2025-07-09,712342.4450955178,-8712.453384845714
756108,Bank D,Equity,GBP,Buy,2025-07-18,3471054.60111688,119638.52130915064
792209,Bank B,Bond,JPY,Sell,2025-05-12,1454294.3676734217,27025.684337237293
455927,Bank C,Equity,GBP,Buy,2025-04-28,2097944.7977305446,-62879.76948175973
993606,Bank B,Commodity,EUR,Buy,2025-09-01,1373365.6314335489,-514.7452249096322
536704,Bank A,Equity,EUR,Buy,2025-05-22,495081.17946640495,-2903.8607664713227
866660,Bank B,Commodity,GBP,Sell,2025-06-25,2189763.264421939,56700.408979341606
969442,Bank C,Commodity,GBP,Sell,2025-09-04,3005383.86701675,-54371.536298306586
454881,Bank A,Equity,USD,Buy,2025-07-18,1360807.6932456961,17252.650519355248
242281,Bank C,FX,GBP,Buy,2025-08-28,2067542.3927110478,-32783.2425390454
333288,Bank C,Equity,GBP,Buy,2025-09-01,2095591.8780659207,1073.8712379494123
777007,Bank B,Commodity,GBP,Buy,2025-07-07,1704626.2722080592,-11774.97334283882
382560,Bank C,FX,EUR,Buy,2025-04-25,1094492.8519827654,-2941.5864323701576
355311,Bank B,Equity,JPY,Buy,2025-04-30,1658240.4825503675,58560.7862842574
900898,Bank B,FX,EUR,Buy,2025-09-10,3264034.235998736,-63553.38485077535
544047,Bank B,Equity,EUR,Buy,2025-05-07,2034271.222860701,-48937.63658124703
944149,Bank A,FX,EUR,Buy,2025-07-29,3006132.5869952682,69199.34351509176
780048,Bank C,Bond,GBP,Sell,2025-05-14,1271769.1951241181,994.0867628297343
242070,Bank A,FX,GBP,Buy,2025-06-04,1834079.0379943636,68157.92380468201
411382,Bank D,Equity,GBP,Sell,2025-05-14,3242577.0192547375,-164226.40237558796
306057,Bank C,Equity,EUR,Sell,2025-09-02,759688.6124385927,-18606.85541578373
974072,Bank D,FX,USD,Buy,2025-06-23,3846990.0371054234,-45043.850430645674
899164,Bank B,Bond,GBP,Buy,2025-05-30,3453078.3054707223,-74997.8736403475
898358,Bank D,FX,USD,Sell,2025-06-11,657274.9219021567,-9219.594580075152
405450,Bank B,Bond,EUR,Buy,2025-06-19,1572590.6438045176,-40208.040803167205
890895,Bank A,Equity,GBP,Buy,2025-07-04,2050539.0895876342,-18265.466138467786
166461,Bank C,Bond,USD,Sell,2025-05-27,3695891.788887025,-36308.27698470593
886339,Bank D,FX,EUR,Buy,2025-04-30,1689661.7635410528,-30064.033380803525
719467,Bank A,Equity,JPY,Sell,2025-04-25,2832160.981726963,47934.32014386926
955844,Bank A,Equity,EUR,Sell,2025-05-09,1320814.7894469332,-30177.03213435097
354052,Bank B,Equity,JPY,Sell,2025-04-25,492496.0407388015,-10297.52269015127
787074,Bank A,Equity,JPY,Buy,2025-07-01,2402091.618558547,-60909.675285585814
656713,Bank C,Bond,JPY,Buy,2025-04-17,1204304.9786540791,11766.282576626676
907872,Bank A,FX,GBP,Sell,2025-08-04,1264627.9467892698,13972.540300597204
945600,Bank C,Bond,USD,Buy,2025-08-29,980289.3803201583,-12849.456176361791
327436,Bank D,Equity,EUR,Buy,2025-05-21,2527018.9009021292,98115.33527388223
687733,Bank D,Bond,JPY,Sell,2025-04-11,1940039.8731229538,21253.561706760967
111413,Bank A,Equity,JPY,Buy,2025-05-23,1631609.0316334893,11541.493053849179
777859,Bank B,Equity,JPY,Buy,2025-08-18,1544400.795492022,33857.95140515876
509388,Bank A,FX,JPY,Sell,2025-06-26,3513562.3577617086,-5662.687922364807
588333,Bank C,Commodity,JPY,Sell,2025-09-12,1987396.2580054926,-9993.188190138198
442663,Bank B,Equity,EUR,Buy,2025-04-21,1920530.864886211,-94248.499970378
990626,Bank B,Bond,EUR,Sell,2025-07-16,2703911.0742374742,-39313.559276714106
721919,Bank C,Commodity,EUR,Buy,2025-09-05,2514499.151703039,57549.60442316765
973019,Bank D,Bond,JPY,Buy,2025-05-07,2853321.9480578867,-67111.82592815388
995642,Bank B,FX,JPY,Buy,2025-07-04,3471012.13078594,-6378.076776030912
980509,Bank B,Equity,USD,Buy,2025-04-23,3246424.2163262255,-13132.3695298415
515280,Bank C,Equity,GBP,Sell,2025-08-20,1306440.0624278856,11772.517085149717
686864,Bank A,Equity,USD,Buy,2025-04-18,3462041.5205934,-82491.91878226236
735406,Bank D,FX,GBP,Sell,2025-07-21,1136914.5310266805,-7634.020636108643
838128,Bank A,FX,EUR,Sell,2025-06-27,2212727.708820386,13367.985296240045
760995,Bank B,Equity,USD,Sell,2025-05-07,504707.63062301424,-614.733327865162
199443,Bank B,Equity,EUR,Sell,2025-05-20,3796984.3324444215,27558.1606156515
480928,Bank A,Commodity,EUR,Buy,2025-07-31,3193570.7144811563,26793.81473504879
354011,Bank C,Equity,USD,Buy,2025-09-19,2489996.8783184965,-17468.699606372473
861313,Bank C,Commodity,JPY,Buy,2025-07-24,2657557.400909123,45247.68589624013
600015,Bank B,Equity,JPY,Buy,2025-05-23,1072758.1091159645,-18477.98887716915
541187,Bank A,Equity,EUR,Buy,2025-08-06,1308953.518655418,-45511.195329009075
949674,Bank B,Bond,GBP,Buy,2025-04-22,2749907.7737284745,-10734.793564347434
960827,Bank B,FX,JPY,Buy,2025-06-26,2590923.8017586535,-84836.2498451552
600333,Bank A,Equity,USD,Sell,2025-09-09,1174072.3938860968,26550.74055275882
691430,Bank C,Equity,JPY,Buy,2025-05-21,1168305.1356443642,2202.030325547142
138110,Bank C,Equity,EUR,Sell,2025-06-19,2212139.046622093,-17337.870950399432
439797,Bank D,Equity,EUR,Sell,2025-06-27,229111.24815297447,6693.857950759433
450488,Bank D,FX,USD,Sell,2025-06-16,279148.3368661344,-2949.1328849859647
715169,Bank A,Equity,EUR,Buy,2025-04-10,3603215.072502993,-51512.06058986411
200769,Bank A,Equity,EUR,Sell,2025-05-15,2782389.4943020246,70822.077423882
438350,Bank B,Bond,GBP,Sell,2025-06-17,3600679.522346178,14014.796790897004
381000,Bank B,FX,USD,Sell,2025-06-04,3009771.93920051,-18888.47384263489
208130,Bank D,Commodity,USD,Buy,2025-07-18,1316252.5199016682,-10807.891962412441
240879,Bank D,Equity,GBP,Sell,2025-07-07,3830474.7727792347,220412.9803939646
341321,Bank D,Equity,JPY,Buy,2025-08-11,2854099.0960057406,-107551.62170113766
767765,Bank C,Equity,EUR,Buy,2025-07-21,3953074.7411050457,-14457.569813200089
668299,Bank B,FX,USD,Buy,2025-05-15,3717464.28051218,85533.45298925409
247961,Bank D,Bond,EUR,Sell,2025-06-18,1381336.8741114386,19741.499163468074
587306,Bank B,Bond,GBP,Buy,2025-05-09,2793526.7749070493,87993.9093648063
682989,Bank A,Bond,EUR,Sell,2025-09-08,1408920.5650909755,70393.23193552438
771661,Bank C,Equity,JPY,Buy,2025-05-21,975874.2973508518,27780.375460907115
237651,Bank B,FX,GBP,Sell,2025-04-21,3301758.0184685322,26945.298957301267
564048,Bank D,FX,JPY,Sell,2025-09-03,2292458.2667935565,9877.19819809843
869638,Bank A,FX,GBP,Buy,2025-08-04,1568245.2439735443,-17359.653356691648
945994,Bank D,Commodity,GBP,Buy,2025-07-09,3591771.024894225,-38105.208862109626
409951,Bank A,Bond,GBP,Buy,2025-07-16,475678.0006950991,-1910.1770526077935
743679,Bank B,Bond,USD,Sell,2025-08-26,1661526.8996432142,12546.202331560684
461388,Bank B,Equity,JPY,Sell,2025-09-16,3991755.6789510483,29859.227473648265
939899,Bank D,FX,EUR,Sell,2025-04-10,872536.1169544253,9057.365636327835
538290,Bank B,FX,GBP,Sell,2025-07-25,2377845.8891716255,-13161.709737674784
220492,Bank A,Equity,USD,Sell,2025-07-25,379444.34786147205,15817.69860552635
735931,Bank A,Equity,JPY,Buy,2025-05-20,3843284.390381198,-3136.5981288044695
279154,Bank A,Equity,USD,Buy,2025-04-18,1832333.3656797817,71423.45562711745
145422,Bank A,Equity,JPY,Sell,2025-07-23,2366722.019647407,-6592.429301992391
994104,Bank B,Bond,JPY,Buy,2025-09-09,2358329.8054269725,59769.36534200456
878720,Bank B,Equity,JPY,Sell,2025-09-02,3120872.939465659,-1294.080733677943
656324,Bank C,Equity,GBP,Buy,2025-09-09,799292.4830839718,27884.482033515185
427716,Bank C,Equity,USD,Buy,2025-07-21,3952125.467059683,35807.31111641519
110007,Bank C,FX,GBP,Buy,2025-06-25,1290259.3469946533,-7781.725743597689
391616,Bank A,Commodity,GBP,Sell,2025-04-14,3428218.8727296162,80933.52039652488
447729,Bank A,Equity,EUR,Sell,2025-06-19,2011047.7947800977,-17263.310218392984
990208,Bank D,Equity,EUR,Buy,2025-07-04,480935.513475499,-2690.319635197105
262503,Bank B,Equity,USD,Sell,2025-09-15,1375394.9786599162,11819.968388966217
444510,Bank A,Equity,USD,Sell,2025-07-10,1589558.3538160098,42606.86242637972
253038,Bank D,Bond,GBP,Buy,2025-07-29,575807.4057353021,-5468.1994484764045
625270,Bank B,FX,JPY,Sell,2025-08-28,3073511.039852274,-144117.8300949164
578169,Bank B,Equity,JPY,Sell,2025-04-14,1288775.9338086096,-43158.29732299612
761628,Bank B,Bond,USD,Buy,2025-08-11,2968343.018812371,-49746.15940232796
443619,Bank D,FX,USD,Buy,2025-09-18,1497131.716057948,-1588.317990098892
105531,Bank C,Bond,JPY,Buy,2025-04-15,2308352.4968612934,-102376.95990661223
105383,Bank C,Equity,EUR,Buy,2025-04-08,2538971.4370751823,-37926.981014273515
585818,Bank C,Equity,EUR,Buy,2025-09-03,283801.91134921834,7742.241798436215
663405,Bank D,Equity,EUR,Sell,2025-04-21,2148631.5401753495,1885.6417109098852
311961,Bank A,Equity,EUR,Sell,2025-07-04,1298241.9837149042,49156.95264721053
492722,Bank A,Bond,EUR,Sell,2025-07-11,2746385.594614105,-74782.78911992897
784665,Bank C,Equity,USD,Sell,2025-07-07,2978838.1025939877,88451.1524439933
833813,Bank B,Equity,EUR,Buy,2025-04-29,3827034.6004428985,-32190.923000793213
646716,Bank B,Equity,JPY,Sell,2025-07-01,1044953.3720345771,3687.7824555869006
132507,Bank B,Equity,USD,Sell,2025-07-01,1455397.2658160517,-52166.621985948645
338601,Bank D,Bond,JPY,Sell,2025-09-04,3699105.002204207,111169.31491554856
794445,Bank D,FX,EUR,Sell,2025-07-18,3844576.4262789916,-903.7963012653826
738125,Bank D,Equity,GBP,Buy,2025-05-29,1606712.716269877,26300.659893461205
261277,Bank C,Bond,JPY,Buy,2025-09-09,741515.5648868092,-14450.228294696024
711861,Bank A,Commodity,GBP,Buy,2025-09-22,2596882.5676449444,-57110.47946061437
669156,Bank C,Equity,EUR,Buy,2025-04-15,2302582.7481990536,59046.22165884627
227922,Bank A,Equity,EUR,Sell,2025-05-20,3816553.8670293987,80205.06979808232
404431,Bank A,Bond,JPY,Buy,2025-06-12,3034825.4806088996,-111178.9714151422
951781,Bank C,Bond,USD,Buy,2025-08-29,3454764.607941066,-35038.92423573014
901963,Bank D,Bond,USD,Buy,2025-09-19,1597237.652680575,104520.38979355537
630703,Bank A,Bond,JPY,Buy,2025-04-18,3101267.055296595,23726.55179769124
796986,Bank A,Bond,USD,Buy,2025-09-08,3621456.705035803,-1970.466098326208
412100,Bank C,FX,USD,Sell,2025-06-11,2647095.48020894,88680.88935209066
375045,Bank B,Commodity,GBP,Sell,2025-08-01,392388.75193841604,13691.319291539707
310331,Bank A,FX,GBP,Sell,2025-06-27,564321.0207358893,12686.87002615104
810125,Bank B,Bond,GBP,Buy,2025-05-19,2918307.0111279218,27245.81103589626
651073,Bank A,Equity,EUR,Buy,2025-04-29,219371.97246068058,-3921.546424272722
613189,Bank C,Equity,JPY,Buy,2025-05-19,2140057.8637520513,33137.502369771915
174198,Bank A,Equity,GBP,Sell,2025-08-19,3474266.058715866,21189.383239381783
199069,Bank A,Bond,JPY,Buy,2025-04-18,1353419.1319919687,42121.76443201099
533858,Bank C,Commodity,EUR,Buy,2025-04-28,1579999.9300819067,32195.648377514506
690766,Bank B,Bond,EUR,Sell,2025-05-23,1637525.6841658873,42511.5881589132
392353,Bank D,Equity,EUR,Buy,2025-06-19,2898769.448723061,4210.961178328795
121995,Bank A,Bond,EUR,Sell,2025-04-09,750467.9652649122,-2528.061451757886
796929,Bank C,Bond,USD,Buy,2025-09-18,999897.1826994218,4824.618320992918
967671,Bank B,FX,JPY,Sell,2025-04-23,907308.9967353187,14910.760095219803
851410,Bank B,Bond,EUR,Buy,2025-09-03,341753.9018124014,-9560.687269986107
582326,Bank C,Equity,USD,Buy,2025-05-20,1339664.7289653127,41792.66354372418
229309,Bank B,Equity,JPY,Sell,2025-07-17,2164787.011230183,-50194.90516033977
132286,Bank C,Equity,GBP,Buy,2025-04-11,1604136.6632789415,13069.437824151855
115092,Bank B,Commodity,GBP,Buy,2025-08-27,2906992.4227230037,89105.6477774153
404353,Bank B,Equity,USD,Sell,2025-06-06,1250191.2649992972,-1954.6420966730916
654731,Bank B,FX,JPY,Buy,2025-04-23,1697122.2020628995,116.34720976213353
202107,Bank D,Equity,EUR,Buy,2025-09-08,2721483.883306295,-37215.954135672546
766533,Bank A,Bond,EUR,Sell,2025-07-22,979467.5359544785,11785.043137634491
961035,Bank B,Equity,JPY,Sell,2025-04-28,1365386.497535911,27900.36663433393
295524,Bank C,Equity,USD,Buy,2025-09-16,3680511.235851932,18569.605559337426
449528,Bank A,FX,EUR,Sell,2025-06-13,2303337.1190075255,6965.246554151484
490589,Bank B,Bond,EUR,Sell,2025-09-19,556078.0237660655,1795.1202036283346
299888,Bank A,Bond,EUR,Sell,2025-07-15,3204823.2033653227,4822.442705147911
729568,Bank A,Bond,GBP,Sell,2025-05-23,1529301.8352285863,10209.433845248243
958703,Bank D,Bond,GBP,Buy,2025-05-01,237217.52981457402,2341.7335875176304
166860,Bank D,Equity,EUR,Buy,2025-05-14,2627868.486704793,86048.3338928518
307973,Bank C,Bond,JPY,Sell,2025-07-22,1700529.4141595773,-19633.092092371535
251910,Bank A,Equity,GBP,Buy,2025-05-30,1732257.7380922097,37228.247787478154
449333,Bank C,Equity,JPY,Buy,2025-07-18,1027908.0901916871,48212.74788014513
715360,Bank B,Equity,USD,Buy,2025-09-22,1540142.4322894814,-10680.310334495358
631617,Bank A,Bond,EUR,Buy,2025-04-25,630789.1202193825,2798.0409064457217
226194,Bank A,Equity,JPY,Buy,2025-05-02,3698353.9616452185,5588.141873685039
860818,Bank C,Equity,JPY,Sell,2025-07-24,1917719.4066954528,1018.0372971389306
894573,Bank D,FX,GBP,Buy,2025-05-05,1694491.472782873,-38635.9218910816
392927,Bank B,Equity,EUR,Buy,2025-06-12,3834163.4875912517,11928.435116593308
991284,Bank C,Bond,USD,Buy,2025-04-25,3095057.0172710977,25305.179998529307
176205,Bank B,Equity,GBP,Sell,2025-06-30,2979181.5019199103,138083.14540828357
416988,Bank A,FX,USD,Sell,2025-04-17,2502075.564993934,38534.136786147006
316467,Bank C,Commodity,JPY,Sell,2025-06-16,2572853.7966394355,-41536.99553218392
341257,Bank D,Equity,USD,Sell,2025-06-19,3198004.458310754,140236.8717573361
974552,Bank D,Commodity,USD,Buy,2025-09-22,1642574.4752010857,28234.105595830442
535906,Bank B,FX,JPY,Buy,2025-07-10,2600914.9134149156,-37933.77463489978
982766,Bank C,Commodity,JPY,Sell,2025-08-13,3574565.2903082096,-69724.95755048968
343331,Bank C,Equity,JPY,Sell,2025-08-06,2810001.954185939,31574.998876030604
498315,Bank D,Equity,USD,Sell,2025-09-04,994336.1602263331,1874.8228785581873
137787,Bank A,Equity,EUR,Buy,2025-08-15,3399878.701424815,-139087.93130683867
391118,Bank B,Equity,JPY,Sell,2025-08-12,935165.0803016764,-6647.899698302807
906847,Bank B,Equity,JPY,Buy,2025-06-19,3777968.4928545887,-42955.70117361665
851610,Bank D,FX,EUR,Buy,2025-05-23,3886743.411493782,-152601.59340320798
271207,Bank B,Equity,GBP,Sell,2025-07-16,3780181.7193189813,28642.92661206962
244911,Bank B,Equity,JPY,Buy,2025-09-09,3473786.1089673433,90998.96802681638
898391,Bank D,Equity,GBP,Sell,2025-07-10,3226249.5293586804,-65872.80225167824
923047,Bank B,Bond,JPY,Buy,2025-07-01,1821032.028753627,-15643.588015428586
525873,Bank B,Equity,GBP,Buy,2025-04-16,940026.2377477986,-18034.866861672617
697180,Bank C,Equity,GBP,Sell,2025-05-15,3505161.221406482,-17945.423666254115
545300,Bank D,FX,EUR,Buy,2025-04-25,996010.1922173183,-18326.919142351602
157088,Bank A,Equity,GBP,Sell,2025-08-29,2487100.90129612,-20952.609792002262
434385,Bank D,Bond,JPY,Buy,2025-05-02,2180921.4953321256,53131.736138657165
277021,Bank B,Equity,USD,Sell,2025-08-20,3905608.281428108,-27431.814996162568
501266,Bank C,Equity,USD,Sell,2025-07-15,3853602.145837753,-80493.05070354242
950657,Bank D,Equity,GBP,Buy,2025-07-09,3133586.1495731575,-107682.04663909462
580536,Bank A,Equity,GBP,Buy,2025-05-27,3776700.681457899,73530.61180805144
641275,Bank A,FX,USD,Buy,2025-04-25,2596151.9554131944,26659.37947094902
990136,Bank B,Equity,USD,Buy,2025-07-29,328930.03509532136,1043.83489214078
436837,Bank C,Equity,JPY,Sell,2025-09-12,3485855.1609715098,-24439.72793293513
478908,Bank C,FX,USD,Sell,2025-04-25,2953117.954055884,141622.19996197204
949106,Bank C,FX,EUR,Buy,2025-04-22,661903.2728435355,11617.335161113753
772879,Bank A,Bond,USD,Sell,2025-08-14,2836006.4187962683,-60054.95899534093
557873,Bank B,FX,JPY,Sell,2025-04-29,1675103.635958165,26249.730243990212
670731,Bank B,Bond,EUR,Buy,2025-09-04,3219049.53042811,-12621.599403979835
484269,Bank A,Equity,USD,Sell,2025-04-29,783748.7817345533,4363.415760072449
679867,Bank C,Equity,GBP,Sell,2025-07-22,1072780.1459069396,-5765.7980227922
304521,Bank D,Commodity,EUR,Buy,2025-08-11,2265970.3391708066,14786.522032225808
686452,Bank A,Equity,USD,Buy,2025-04-29,1036972.1921419523,-29658.236756182494
180108,Bank C,Bond,GBP,Buy,2025-06-25,663621.1646599802,20100.965885448775
791169,Bank A,Equity,EUR,Buy,2025-09-02,3601707.4985235385,8745.39889651833
462758,Bank B,Equity,USD,Sell,2025-05-14,2115569.6663046745,-36171.461931166275
384670,Bank B,FX,EUR,Sell,2025-06-13,2110409.5624957858,16806.744133450928
672630,Bank D,Bond,JPY,Buy,2025-05-05,1945219.3447487308,-10391.564682501054
219671,Bank B,Equity,JPY,Buy,2025-07-02,3152498.0834100186,112431.52379272887
435763,Bank B,Equity,USD,Buy,2025-05-28,922476.4393381373,-9810.562287952373
847423,Bank B,Bond,EUR,Buy,2025-06-26,2761123.2623994993,8779.130472773026
770794,Bank A,FX,JPY,Sell,2025-08-12,3317752.516017617,14096.515804260718
936290,Bank D,FX,USD,Buy,2025-08-13,2014052.718441652,54402.12024669439
405448,Bank A,Equity,EUR,Sell,2025-05-08,1746348.8915565962,-17806.59382049225
790668,Bank B,Equity,GBP,Sell,2025-07-08,3831427.6124424757,-126867.11294857993
607154,Bank C,Equity,USD,Buy,2025-09-11,2177041.3762013335,-7905.149873464053
374576,Bank C,Bond,GBP,Buy,2025-04-14,3463132.186577268,-25842.8981384308
274378,Bank C,FX,EUR,Sell,2025-07-23,1310146.4540420556,36855.786909406226
428308,Bank B,Bond,GBP,Buy,2025-04-09,3511913.7347325296,87936.35026595434
961628,Bank B,FX,JPY,Buy,2025-06-06,2475611.5941557307,49554.37207204817
906357,Bank C,Bond,EUR,Sell,2025-09-11,3189584.6954615843,38101.45694825601
269431,Bank B,FX,EUR,Buy,2025-05-13,2689257.8767966772,-87919.89971904102
775939,Bank B,Commodity,JPY,Sell,2025-08-15,1170383.177353477,-21946.72260346641
831499,Bank B,Commodity,GBP,Buy,2025-05-12,3660959.0852380367,38361.29595919716
559525,Bank B,Equity,JPY,Sell,2025-06-24,1961134.5939341947,12709.70290899523
191407,Bank D,Bond,GBP,Sell,2025-09-18,902448.9449592015,24420.440191836165
490690,Bank B,Equity,JPY,Buy,2025-09-11,1986865.1771511578,38317.38599555545
613563,Bank C,Equity,GBP,Sell,2025-08-18,3441719.1194945937,35600.35818217513
739123,Bank D,Equity,EUR,Buy,2025-05-02,504729.709362358,-3981.8157746278166
144942,Bank B,Bond,EUR,Buy,2025-07-29,488635.83874946757,5972.1418188204925
162410,Bank A,Commodity,JPY,Buy,2025-06-11,2899043.4474771773,-4583.565152536833
215853,Bank A,Equity,GBP,Buy,2025-07-23,1559657.806157369,-20664.370703560413
709112,Bank D,Equity,EUR,Sell,2025-08-27,1473387.3363263775,9089.31820826393
578915,Bank B,Equity,EUR,Buy,2025-04-23,2780356.532162725,6964.956223438519
937451,Bank B,Equity,GBP,Sell,2025-08-15,372096.7527366219,1846.7996530744722
208108,Bank A,Bond,JPY,Sell,2025-04-29,2636714.3952627354,-29625.25177857481
156886,Bank B,Equity,GBP,Sell,2025-07-18,701170.2063848989,-13008.99832862043
142143,Bank A,Equity,JPY,Buy,2025-04-08,642510.2174179868,15478.501236508731
123850,Bank C,Equity,JPY,Buy,2025-05-02,3404284.329563675,64335.61763587232
972818,Bank C,Equity,JPY,Buy,2025-08-06,988850.727549151,-30740.894019446176
788224,Bank B,FX,USD,Sell,2025-08-22,3825510.0896239714,-49751.037116250205
326017,Bank A,Equity,EUR,Buy,2025-05-14,1716414.8211472582,25301.787291245386
234552,Bank A,Bond,JPY,Sell,2025-08-06,624030.4201804232,-14848.179016396052
803010,Bank C,FX,EUR,Sell,2025-07-09,1958247.28870041,67106.8115589155
629763,Bank A,Commodity,JPY,Sell,2025-08-20,3388975.917527428,26280.394406075102
911443,Bank D,Equity,JPY,Sell,2025-05-12,2011332.3732394285,27663.727048098317
249277,Bank B,Bond,USD,Sell,2025-06-25,1538035.3976504568,-23263.89216378188
999626,Bank C,Equity,GBP,Sell,2025-05-15,3068067.564055689,53919.58654689926
669239,Bank D,Equity,JPY,Buy,2025-05-28,2923118.2748297295,-41889.40800781615
858836,Bank B,Equity,EUR,Sell,2025-05-22,841775.3384906452,-27175.32214438245
537697,Bank C,Equity,GBP,Buy,2025-07-03,2140472.49760371,-43422.62448880132
766610,Bank C,Equity,EUR,Buy,2025-04-16,842044.3286070275,-18992.046460924594
490830,Bank C,Equity,USD,Sell,2025-06-03,2666631.039446676,5140.195483581593
244198,Bank D,Bond,GBP,Buy,2025-06-10,3609662.404644745,14673.025176057454
388507,Bank C,Equity,EUR,Buy,2025-06-26,254988.26235103287,-950.4865829724945
349048,Bank A,FX,EUR,Buy,2025-07-10,2553224.834090631,4574.494967650373
892399,Bank D,FX,USD,Buy,2025-07-29,3947722.260094327,-63399.41619669291
263976,Bank C,FX,GBP,Sell,2025-08-06,932029.3737409743,10342.191776958343
615490,Bank A,FX,USD,Buy,2025-06-23,1224058.1940454757,-39130.69084290503
992888,Bank B,Equity,JPY,Buy,2025-05-30,3510125.744421379,77380.5438966846
873652,Bank D,FX,GBP,Sell,2025-07-09,2553486.2513580606,8514.52117569488
707347,Bank C,FX,JPY,Buy,2025-06-05,1284240.691753454,-17377.073614826455
360955,Bank D,Equity,GBP,Sell,2025-08-27,2766112.6550341123,-63363.77090613304
158651,Bank C,Equity,JPY,Sell,2025-07-15,399912.76827230793,-11555.636034433222
538441,Bank B,Bond,GBP,Buy,2025-09-05,3406354.0285541755,-98950.88710932201
847539,Bank D,Bond,GBP,Buy,2025-09-03,914496.2387996123,15114.564864082877
819704,Bank D,Equity,EUR,Sell,2025-09-04,884460.8197143581,-42031.77628079501
249856,Bank A,Bond,USD,Sell,2025-09-12,1938751.0866908974,29201.1171660818
477609,Bank B,Bond,USD,Buy,2025-09-15,3823214.085388215,-14161.189606557378
797070,Bank A,Equity,GBP,Buy,2025-05-30,2025661.5942668275,51402.64402967118
227605,Bank C,Commodity,JPY,Sell,2025-06-18,1958011.7410353813,89524.61069188375
455743,Bank B,Bond,USD,Sell,2025-07-21,2041829.1576016068,12339.434759617745
316505,Bank A,Equity,JPY,Buy,2025-06-16,1169255.6582067283,27482.08987050199
991672,Bank C,Commodity,EUR,Sell,2025-08-06,3613857.6187037844,15947.970707691597
722949,Bank C,FX,EUR,Buy,2025-05-05,3300710.7932222234,-21352.47170891982
625276,Bank D,FX,EUR,Buy,2025-06-09,234359.90429335865,-13782.342533223507
735222,Bank C,Equity,GBP,Buy,2025-05-02,829610.9165800712,30251.005428684643
645514,Bank A,FX,GBP,Buy,2025-09-09,1097602.4336553123,24968.37208205718
654042,Bank B,Bond,GBP,Buy,2025-06-13,1200064.2230040738,14741.19552249215
800376,Bank A,FX,USD,Sell,2025-08-14,3561296.0452627763,36479.63594071439
153064,Bank D,Equity,GBP,Sell,2025-05-09,439608.09784162906,3438.6925819774633
488480,Bank B,Bond,GBP,Buy,2025-04-14,2703466.46822837,139998.5066765814
243618,Bank A,Equity,JPY,Sell,2025-04-17,2978561.7578181904,3310.6382607998607
229074,Bank A,FX,EUR,Buy,2025-07-24,918051.5725393386,6288.1090355669185
876380,Bank B,Bond,EUR,Buy,2025-08-29,3815084.3346877573,23786.51002525836
448808,Bank B,Equity,JPY,Sell,2025-09-08,2250499.333709591,23011.02215962812
591573,Bank A,Bond,USD,Buy,2025-04-14,2538434.122484135,-62710.82669851347
352361,Bank A,Equity,EUR,Sell,2025-07-16,3507137.7632866916,49949.20419048877
458379,Bank D,FX,EUR,Sell,2025-09-04,3255566.5993837807,58930.58303464783
185108,Bank D,Equity,USD,Buy,2025-06-16,2211754.3263170905,45851.669057250685
491866,Bank C,Equity,USD,Buy,2025-04-28,3936615.6854835902,62608.96825797224
768756,Bank C,Commodity,GBP,Sell,2025-08-06,3353782.7789176395,22740.035459368264
191372,Bank A,Equity,USD,Buy,2025-06-24,3487307.3293149294,33283.95382762507
135677,Bank D,Equity,EUR,Sell,2025-08-13,2283107.872994893,-62497.874076603206
768354,Bank B,Bond,JPY,Buy,2025-07-10,1845938.4664663442,39912.21132161289
447720,Bank A,Equity,USD,Buy,2025-07-15,2840416.8442493216,43843.769957787496
561251,Bank B,FX,EUR,Buy,2025-05-22,313600.0738275236,1536.886140979579
949278,Bank D,FX,GBP,Sell,2025-07-29,2628229.8903924124,-27034.854600349776
223490,Bank A,FX,JPY,Buy,2025-07-29,3671768.147552758,6701.560827067704
314242,Bank A,Equity,GBP,Buy,2025-08-04,496909.2823769206,-406.0787187155083
495736,Bank B,Equity,GBP,Sell,2025-08-08,1366200.01156531,12657.693665556051
880032,Bank B,Commodity,JPY,Buy,2025-06-24,3006810.394751622,64797.09192155886
172570,Bank C,Bond,USD,Sell,2025-07-04,416915.1077331272,-21761.746742576834
519262,Bank A,Equity,EUR,Buy,2025-09-03,663351.5833489345,10439.655371308962
129992,Bank D,Equity,JPY,Buy,2025-07-29,2004126.8060591735,21398.337439868814
846039,Bank C,Bond,GBP,Buy,2025-06-25,381319.0436485708,5384.061710360267
769853,Bank D,Equity,EUR,Buy,2025-07-17,2892239.3367592627,116482.21555401072
389714,Bank D,Bond,GBP,Buy,2025-08-18,2677216.697601084,-15413.892774916645
299772,Bank B,Commodity,USD,Sell,2025-06-23,804633.9323328302,-15198.865504588699
507826,Bank C,Equity,USD,Buy,2025-06-24,3680059.6271339455,92417.64618566027
341132,Bank A,Equity,JPY,Sell,2025-07-01,2555671.670261612,37775.77758061291
320490,Bank C,FX,EUR,Buy,2025-08-15,1743206.7083985342,34971.108932644405
287047,Bank A,Equity,EUR,Buy,2025-09-02,1511326.0058927608,47596.71494420405
846332,Bank C,Equity,EUR,Sell,2025-07-30,3809715.226500747,-53127.427578003604
183765,Bank A,Commodity,JPY,Buy,2025-09-12,957664.3418554631,-38667.87504764389
420444,Bank D,Equity,EUR,Buy,2025-08-25,3789099.699556456,-47411.29359795843
420110,Bank B,Equity,USD,Buy,2025-05-05,2889227.2762104906,-13224.57828252458
557864,Bank C,FX,JPY,Buy,2025-04-15,2605546.072265474,-37361.31078513482
361370,Bank A,Equity,USD,Buy,2025-08-26,1394192.6736636842,-41334.73973347961
755554,Bank C,FX,USD,Sell,2025-05-02,374987.432734633,10055.989575175325
489308,Bank B,Bond,USD,Sell,2025-08-20,3196842.455379939,74028.07847259793
867443,Bank A,Commodity,EUR,Buy,2025-08-12,3030086.851185229,28478.953510125
941570,Bank C,Bond,JPY,Sell,2025-08-12,267258.5591246422,-14056.921842780426
693436,Bank D,Equity,USD,Buy,2025-09-08,1766605.9802124961,16635.816472609156
705117,Bank D,Equity,JPY,Buy,2025-07-21,2301349.161818472,57539.88765565698
162640,Bank D,Equity,GBP,Buy,2025-08-11,3342421.291987562,45831.86805145042
733125,Bank C,Commodity,JPY,Buy,2025-05-13,468657.9921682714,7952.031315775942
331037,Bank A,Equity,JPY,Buy,2025-08-14,2309265.1990557653,-34061.351482419675
992789,Bank C,Equity,JPY,Sell,2025-05-14,203537.7594043337,2885.2566466988847
153519,Bank B,FX,GBP,Sell,2025-04-08,2548485.6517160553,-16470.626980788515
199294,Bank A,FX,GBP,Sell,2025-08-29,1372908.6418346176,-52911.50774657043
510913,Bank B,Bond,GBP,Buy,2025-08-06,478931.9800435266,5683.894328211082
791412,Bank B,Equity,JPY,Sell,2025-07-01,3325395.8766530263,-5245.688965823088
674114,Bank D,FX,EUR,Sell,2025-06-19,3660889.410168393,-36499.74799689504
715223,Bank B,Bond,EUR,Buy,2025-06-23,2313719.859265601,-5988.445116228519
961662,Bank A,Equity,JPY,Buy,2025-06-12,1035920.1196069303,29714.567214627994
914905,Bank A,Equity,GBP,Buy,2025-07-31,2319792.749725504,-8249.583091388704
712869,Bank D,FX,GBP,Buy,2025-07-30,2111327.910129386,-15996.948355973693
842491,Bank A,Bond,GBP,Buy,2025-08-05,467439.4856244776,10516.955398307016
916498,Bank B,Equity,USD,Buy,2025-08-04,3790395.880730487,133653.42523995024
579395,Bank A,FX,GBP,Buy,2025-05-16,2771889.033769551,-5435.687717833548
217393,Bank C,Equity,EUR,Sell,2025-05-09,2318498.555980651,-3471.700250932487
588421,Bank C,Bond,USD,Sell,2025-05-16,662727.5559870144,22157.26417200275
620953,Bank A,Equity,GBP,Sell,2025-04-30,3417827.045651306,-70737.75891219675
197607,Bank B,Bond,EUR,Sell,2025-09-04,315787.4666516555,-1044.430747611245
445881,Bank C,Bond,USD,Buy,2025-09-17,3363884.9473500857,8733.758879642168
722487,Bank B,Equity,JPY,Sell,2025-07-15,3163089.9609150873,68931.54810957442
179011,Bank A,Bond,JPY,Sell,2025-08-22,533381.9547102578,4384.661454426143
310938,Bank A,Equity,GBP,Buy,2025-09-10,2922487.6821942586,58238.50367140016
550952,Bank D,Equity,JPY,Sell,2025-09-05,2057905.0582967277,-1548.0598812530882
880910,Bank C,FX,GBP,Buy,2025-05-26,1912017.653448899,-30392.733215319484
331431,Bank D,Equity,USD,Sell,2025-07-15,3416384.4415993113,71675.03987588458
426265,Bank A,Bond,USD,Sell,2025-07-10,1860822.2489081777,64248.62292794207
888857,Bank A,Commodity,GBP,Sell,2025-06-24,2667631.988232381,25417.291407567776
556070,Bank B,Equity,USD,Buy,2025-05-27,2327882.6141452296,-62763.9269898313
789657,Bank B,Equity,EUR,Sell,2025-07-22,3342373.2566012302,14725.613646599844
746880,Bank B,Bond,USD,Buy,2025-04-28,1908438.0385927777,-67763.70756373963
522248,Bank B,Commodity,GBP,Buy,2025-09-11,1582950.9560909525,-61054.33681623685
768325,Bank B,FX,GBP,Buy,2025-09-19,3083303.3579887804,-11662.101618655402
163318,Bank A,FX,USD,Buy,2025-09-08,575569.6501186057,519.7353832898252
732132,Bank A,Equity,GBP,Buy,2025-04-21,1945121.167814474,51528.87247103807
193261,Bank D,Equity,JPY,Sell,2025-07-17,903467.0644124188,-7947.437069468826
874737,Bank A,Equity,JPY,Sell,2025-09-03,571413.2286032251,787.3061001264656
892299,Bank D,Equity,USD,Buy,2025-08-27,2261646.9424434504,-52310.40185355589
204112,Bank C,Equity,EUR,Buy,2025-07-30,2898618.5366141098,28373.807964698142
613051,Bank C,Bond,GBP,Buy,2025-06-04,1907297.817743766,40862.08349210014
126233,Bank A,Equity,JPY,Buy,2025-07-08,1721067.5839116506,-8796.981095798708
755190,Bank D,FX,USD,Buy,2025-09-10,2589290.063796045,-24934.160662617775
466421,Bank D,FX,USD,Buy,2025-05-14,1675948.2327751408,52835.908582363314
184826,Bank C,Equity,JPY,Sell,2025-08-14,1306816.4621912038,16936.944648971683
777122,Bank C,Equity,EUR,Sell,2025-09-02,486320.620356085,-11028.608956781869
299329,Bank D,Bond,GBP,Buy,2025-09-09,3459194.7175388043,-34357.30758973013
405503,Bank B,Bond,GBP,Sell,2025-08-21,453678.7384467329,3821.3744018929524
309102,Bank D,Equity,GBP,Sell,2025-06-16,3592367.072639846,121256.9036420904
265233,Bank A,Equity,EUR,Buy,2025-07-07,296078.31885105255,-4894.465012819551
119647,Bank C,Equity,USD,Buy,2025-06-24,598477.906877554,16751.232207711473
200557,Bank B,Equity,GBP,Buy,2025-07-31,328532.3993318061,-4067.3856528248602
913894,Bank A,Bond,JPY,Buy,2025-08-15,1034074.0791268724,12974.251944441528
941998,Bank C,Equity,GBP,Buy,2025-07-14,2306607.0742593966,17829.74143596102
579239,Bank D,Equity,JPY,Buy,2025-04-24,1780112.862999066,-28010.488266095457
516814,Bank B,Equity,JPY,Buy,2025-06-09,703434.528787795,-17316.39985461615
574824,Bank B,Bond,USD,Sell,2025-06-20,1238951.4374942086,32510.42977346947
350403,Bank B,Equity,USD,Buy,2025-07-17,3966759.2108718576,-42109.33727704151
847002,Bank D,Bond,EUR,Sell,2025-05-14,1014095.4486262086,12666.20904548712
416168,Bank A,FX,EUR,Sell,2025-06-24,2545614.9009616114,-53120.63065310895
291761,Bank B,FX,USD,Buy,2025-05-12,1404725.3367847828,-22650.188900709
928285,Bank C,Equity,USD,Buy,2025-06-09,3552799.850882059,64279.13241261533
628617,Bank D,Equity,JPY,Buy,2025-09-12,923314.4504254255,-14658.163529603433
396164,Bank D,Equity,USD,Buy,2025-04-14,3027573.111911984,-129152.15165802481
644518,Bank D,Equity,GBP,Buy,2025-05-13,3959904.5581310084,23848.643806574382
199315,Bank B,Equity,EUR,Buy,2025-09-22,2663730.604167482,60218.517857708786
730883,Bank A,Bond,GBP,Sell,2025-07-02,268528.82413112815,-11919.077784479865
585728,Bank B,Bond,EUR,Buy,2025-04-29,3844917.213459016,-4846.932299238502
408758,Bank B,Commodity,JPY,Sell,2025-06-11,3041144.2294846606,-10603.546113152961
958206,Bank B,Equity,GBP,Buy,2025-09-12,3550192.837740072,-38895.47050653973
441047,Bank D,Equity,EUR,Sell,2025-07-21,2887450.3722595572,-48158.7203162715
706054,Bank D,Bond,JPY,Buy,2025-06-27,738489.8645618013,-20940.988543843443
